ID	NUMBER	ENGLISH	CONCEPTICON_ID	CONCEPTICON_GLOSS
Buck-1949-1108-1	1.1	world	965	WORLD
Buck-1949-1108-2	1.21	earth; land	626	LAND
Buck-1949-1108-3	1.212	ground; soil (sb.)	1228	EARTH (SOIL)
Buck-1949-1108-4	1.213	dust	2	DUST
Buck-1949-1108-5	1.214	mud	640	MUD
Buck-1949-1108-6	1.215	sand	671	SAND
Buck-1949-1108-7	1.22	hill; mountain	2118	MOUNTAIN OR HILL
Buck-1949-1108-8	1.23	field (in broader sense); plain (sb.)	652	PLAIN
Buck-1949-1108-9	1.24	valley	921	VALLEY
Buck-1949-1108-10	1.25	island	622	ISLAND
Buck-1949-1108-11	1.26	continent (sb.); mainland	166	MAINLAND
Buck-1949-1108-12	1.27	bank (of river); beach; coast; shore; strand (shore)	113	SHORE
Buck-1949-1108-13	1.31	water	948	WATER
Buck-1949-1108-14	1.32	sea	1474	SEA
Buck-1949-1108-15	1.33	lake	624	LAKE
Buck-1949-1108-16	1.34	bay; gulf	663	BAY
Buck-1949-1108-17	1.35	wave (sb., on water)	978	WAVE
Buck-1949-1108-18	1.36	brook; river; stream	666	RIVER
Buck-1949-1108-19	1.37	spring (sb., of water); well (sb.)	2144	SPRING OR WELL
Buck-1949-1108-20	1.41	forest; woods	420	FOREST
Buck-1949-1108-21	1.42	tree	906	TREE
Buck-1949-1108-22	1.43	wood (material)	1803	WOOD
Buck-1949-1108-23	1.44	rock; stone	2125	STONE OR ROCK
Buck-1949-1108-24	1.51	sky	1732	SKY
Buck-1949-1108-25	1.52	sun	1343	SUN
Buck-1949-1108-26	1.53	moon	1313	MOON
Buck-1949-1108-27	1.54	star	1430	STAR
Buck-1949-1108-28	1.55	lightning	1654	LIGHTNING
Buck-1949-1108-29	1.56	thunder	1150	THUNDER
Buck-1949-1108-30	1.57	lightning; thunderbolt	2007	BOLT (OF LIGHTNING)
Buck-1949-1108-31	1.61	light (sb.)	630	LIGHT (RADIATION)
Buck-1949-1108-32	1.62	darkness	11	DARKNESS
Buck-1949-1108-33	1.63	shade	1388	SHADE
Buck-1949-1108-34	1.71	air	27	AIR
Buck-1949-1108-35	1.72	wind (sb.)	960	WIND
Buck-1949-1108-36	1.73	cloud	1489	CLOUD
Buck-1949-1108-37	1.74	fog; haze; mist	249	FOG
Buck-1949-1108-38	1.75	rain	658	RAIN (PRECIPITATION)
Buck-1949-1108-39	1.76	snow	784	SNOW
Buck-1949-1108-40	1.77	ice	617	ICE
Buck-1949-1108-41	1.78	weather	952	WEATHER
Buck-1949-1108-42	1.81	fire	221	FIRE
Buck-1949-1108-43	1.82	flame	889	FLAME
Buck-1949-1108-44	1.83	smoke (sb.)	778	SMOKE (EXHAUST)
Buck-1949-1108-45	1.84	ashes	646	ASH
Buck-1949-1108-46	1.85	burn (vb.)	2102	BURN
Buck-1949-1108-47	1.86	kindle; light (vb.)	737	LIGHT (IGNITE)
Buck-1949-1108-48	1.87	match (for lighting)	1133	MATCH
Buck-1949-1108-49	2.1	man (homo)	683	PERSON
Buck-1949-1108-50	2.21	man (vir)	1554	MAN
Buck-1949-1108-51	2.22	woman	962	WOMAN
Buck-1949-1108-52	2.23	male	1553	MALE
Buck-1949-1108-53	2.24	female	1551	FEMALE
Buck-1949-1108-54	2.242	sex	2562	SEX (GENDER)
Buck-1949-1108-55	2.25	boy	1366	BOY
Buck-1949-1108-56	2.26	girl	1646	GIRL
Buck-1949-1108-57	2.27	child	1304	CHILD (YOUNG HUMAN)
Buck-1949-1108-58	2.28	infant	1289	BABY
Buck-1949-1108-59	2.31	husband	1200	HUSBAND
Buck-1949-1108-60	2.32	wife	1199	WIFE
Buck-1949-1108-61	2.33	marry	203	MARRY
Buck-1949-1108-62	2.34	marriage; wedding	3182	MARRIAGE OR WEDDING
Buck-1949-1108-63	2.35	father	1217	FATHER
Buck-1949-1108-64	2.36	mother	1216	MOTHER
Buck-1949-1108-65	2.37	parents	505	PARENTS
Buck-1949-1108-66	2.41	son	1620	SON
Buck-1949-1108-67	2.42	daughter	1357	DAUGHTER
Buck-1949-1108-68	2.43	child (= son or daughter)	1801	CHILD (DESCENDANT)
Buck-1949-1108-69	2.44	brother	1262	BROTHER
Buck-1949-1108-70	2.45	sister	1263	SISTER
Buck-1949-1108-71	2.452	brothers and sisters	1640	SIBLING
Buck-1949-1108-72	2.46	grandfather	1383	GRANDFATHER
Buck-1949-1108-73	2.47	grandmother	1496	GRANDMOTHER
Buck-1949-1108-74	2.48	grandson	1618	GRANDSON
Buck-1949-1108-75	2.49	granddaughter	1619	GRANDDAUGHTER
Buck-1949-1108-76	2.51	uncle	1327	UNCLE
Buck-1949-1108-77	2.52	aunt	1272	AUNT
Buck-1949-1108-78	2.53	nephew	1063	NEPHEW
Buck-1949-1108-79	2.54	niece	1642	NIECE
Buck-1949-1108-80	2.55	cousin	1643	COUSIN
Buck-1949-1108-81	2.56	ancestors	1669	ANCESTORS
Buck-1949-1108-82	2.57	descendants	490	DESCENDANTS
Buck-1949-1108-83	2.61	father-in-law	1055	FATHER-IN-LAW
Buck-1949-1108-84	2.62	mother-in-law	1050	MOTHER-IN-LAW
Buck-1949-1108-85	2.63	son-in-law	1056	SON-IN-LAW
Buck-1949-1108-86	2.64	daughter-in-law	1057	DAUGHTER-IN-LAW
Buck-1949-1108-87	2.65	brother-in-law	2314	BROTHER-IN-LAW
Buck-1949-1108-88	2.66	sister-in-law	2317	SISTER-IN-LAW
Buck-1949-1108-89	2.71	stepfather	237	STEPFATHER
Buck-1949-1108-90	2.72	stepmother	236	STEPMOTHER
Buck-1949-1108-91	2.73	stepson	1059	STEPSON
Buck-1949-1108-92	2.74	stepdaughter	1058	STEPDAUGHTER
Buck-1949-1108-93	2.75	orphan	1149	ORPHAN
Buck-1949-1108-94	2.76	widow	1756	WIDOW
Buck-1949-1108-95	2.81	relatives	1644	RELATIVES
Buck-1949-1108-96	2.82	family	194	FAMILY
Buck-1949-1108-97	3.11	animal; beast	619	ANIMAL
Buck-1949-1108-98	3.12	male (of animals)	2263	MALE (OF ANIMAL)
Buck-1949-1108-99	3.13	female (of animals)	2262	FEMALE (OF ANIMAL)
Buck-1949-1108-100	3.14	castrate	29	GELD
Buck-1949-1108-101	3.15	cattle (= livestock); livestock	631	LIVESTOCK
Buck-1949-1108-102	3.16	pasture (vb.)	649	PASTURE
Buck-1949-1108-103	3.17	pasture (sb.)	649	PASTURE
Buck-1949-1108-104	3.18	herdsman	263	HERDSMAN
Buck-1949-1108-105	3.19	stable; stall	851	STABLE
Buck-1949-1108-106	3.2	cattle (bovine species)	1153	CATTLE
Buck-1949-1108-107	3.21	bull	1008	BULL
Buck-1949-1108-108	3.22	ox	1169	OX
Buck-1949-1108-109	3.23	cow	1007	COW
Buck-1949-1108-110	3.24	calf	1989	CALF
Buck-1949-1108-111	3.25	sheep	1331	SHEEP
Buck-1949-1108-112	3.26	ram	1344	RAM
Buck-1949-1108-113	3.27	weather	952	WEATHER
Buck-1949-1108-114	3.28	ewe	1345	EWE
Buck-1949-1108-115	3.29	lamb	820	LAMB
Buck-1949-1108-116	3.31	hog; swine	1337	PIG
Buck-1949-1108-117	3.32	boar	1348	BOAR
Buck-1949-1108-118	3.33	barrow	2565	CASTRATED BOAR
Buck-1949-1108-119	3.34	sow (female hog)	1351	SOW (FEMALE PIG)
Buck-1949-1108-120	3.35	pig	2564	PIGLET
Buck-1949-1108-121	3.36	goat	1502	GOAT
Buck-1949-1108-122	3.37	he-goat	264	HE-GOAT
Buck-1949-1108-123	3.38	kid	1972	KID
Buck-1949-1108-124	3.41	horse	615	HORSE
Buck-1949-1108-125	3.42	stallion	936	STALLION
Buck-1949-1108-126	3.43	gelding	2566	GELDING
Buck-1949-1108-127	3.44	mare	938	MARE
Buck-1949-1108-128	3.45	colt; foal	1647	FOAL
Buck-1949-1108-129	3.46	ass	1862	DONKEY
Buck-1949-1108-130	3.51	fowl; hen (generic)	1318	CHICKEN
Buck-1949-1108-131	3.52	cock	1511	ROOSTER
Buck-1949-1108-132	3.53	capon	2567	CAPON
Buck-1949-1108-133	3.54	hen (female)	1514	HEN
Buck-1949-1108-134	3.55	chicken	2512	CHICK
Buck-1949-1108-135	3.56	goose	1187	GOOSE
Buck-1949-1108-136	3.57	duck	1360	DUCK
Buck-1949-1108-137	3.61	dog	2009	DOG
Buck-1949-1108-138	3.612	puppy	74	PUPPY
Buck-1949-1108-139	3.62	cat	1208	CAT
Buck-1949-1108-140	3.63	mouse	2139	MUROID (MOUSE OR RAT)
Buck-1949-1108-141	3.64	bird	937	BIRD
Buck-1949-1108-142	3.65	fish	227	FISH
Buck-1949-1108-143	3.71	wolf	522	WOLF
Buck-1949-1108-144	3.72	lion	1386	LION
Buck-1949-1108-145	3.73	bear (sb.)	1820	BEAR
Buck-1949-1108-146	3.74	fox	1312	FOX
Buck-1949-1108-147	3.75	deer	1936	DEER
Buck-1949-1108-148	3.76	ape; monkey	3298	APE OR MONKEY
Buck-1949-1108-149	3.78	camel	1871	CAMEL
Buck-1949-1108-150	3.78	elephant	1290	ELEPHANT
Buck-1949-1108-151	3.79	hunt (vb., hunt wild animals)	1435	HUNT
Buck-1949-1108-152	3.81	insect	620	INSECT
Buck-1949-1108-153	3.82	bee	665	BEE
Buck-1949-1108-154	3.83	fly (sb.)	1504	FLY (INSECT)
Buck-1949-1108-155	3.84	worm	1219	WORM
Buck-1949-1108-156	3.85	serpent; snake	730	SNAKE
Buck-1949-1108-157	4.11	body	1480	BODY
Buck-1949-1108-158	4.12	hide (sb.); skin (sb.)	763	SKIN
Buck-1949-1108-159	4.13	flesh	2259	FLESH
Buck-1949-1108-160	4.14	hair	1040	HAIR
Buck-1949-1108-161	4.142	beard	678	BEARD
Buck-1949-1108-162	4.15	blood	946	BLOOD
Buck-1949-1108-163	4.16	bone	1394	BONE
Buck-1949-1108-164	4.17	horn	1393	HORN (ANATOMY)
Buck-1949-1108-165	4.18	tail	1220	TAIL
Buck-1949-1108-166	4.19	back (part of body)	1291	BACK
Buck-1949-1108-167	4.2	head	1256	HEAD
Buck-1949-1108-168	4.202	skull	1605	SKULL
Buck-1949-1108-169	4.203	brain	1583	BRAIN
Buck-1949-1108-170	4.204	face	1560	FACE
Buck-1949-1108-171	4.205	forehead	123	FOREHEAD
Buck-1949-1108-172	4.206	eyebrow	1173	EYEBROW
Buck-1949-1108-173	4.207	jaw	798	JAW
Buck-1949-1108-174	4.208	cheek	1730	CHEEK
Buck-1949-1108-175	4.209	chin	1510	CHIN
Buck-1949-1108-176	4.21	eye	1248	EYE
Buck-1949-1108-177	4.22	ear	1247	EAR
Buck-1949-1108-178	4.23	nose	1221	NOSE
Buck-1949-1108-179	4.24	mouth	674	MOUTH
Buck-1949-1108-180	4.25	lip	478	LIP
Buck-1949-1108-181	4.26	tongue	1205	TONGUE
Buck-1949-1108-182	4.27	tooth	1380	TOOTH
Buck-1949-1108-183	4.28	neck	1333	NECK
Buck-1949-1108-184	4.29	throat	1346	THROAT
Buck-1949-1108-185	4.3	shoulder	1482	SHOULDER
Buck-1949-1108-186	4.31	arm	1673	ARM
Buck-1949-1108-187	4.32	elbow	981	ELBOW
Buck-1949-1108-188	4.33	hand	1277	HAND
Buck-1949-1108-189	4.34	finger	1303	FINGER
Buck-1949-1108-190	4.342	thumb	1781	THUMB
Buck-1949-1108-191	4.35	leg	1297	LEG
Buck-1949-1108-192	4.36	knee	1371	KNEE
Buck-1949-1108-193	4.37	foot	1301	FOOT
Buck-1949-1108-194	4.38	toe	1389	TOE
Buck-1949-1108-195	4.39	nail (on finger or toe)	1896	FINGERNAIL OR TOENAIL
Buck-1949-1108-196	4.392	wing	1257	WING
Buck-1949-1108-197	4.393	feather	1201	FEATHER
Buck-1949-1108-198	4.4	breast	1592	CHEST
Buck-1949-1108-199	4.41	breast	1402	BREAST
Buck-1949-1108-200	4.42	udder	154	UDDER
Buck-1949-1108-201	4.43	navel	1838	NAVEL
Buck-1949-1108-202	4.44	heart	1223	HEART
Buck-1949-1108-203	4.45	liver	1224	LIVER
Buck-1949-1108-204	4.46	belly; stomach	819	STOMACH
Buck-1949-1108-205	4.47	womb	804	WOMB
Buck-1949-1108-206	4.48	egg	744	EGG
Buck-1949-1108-207	4.49	testicle	797	TESTICLES
Buck-1949-1108-208	4.492	penis	1222	PENIS
Buck-1949-1108-209	4.51	breath, breathe	3183	BREATH OR BREATHE
Buck-1949-1108-210	4.52	gape	1028	YAWN
Buck-1949-1108-211	4.53	cough (vb.)	879	COUGH
Buck-1949-1108-212	4.54	sneeze	1621	SNEEZE
Buck-1949-1108-213	4.55	sweat (sb.)	126	SWEAT (PERSPIRE)
Buck-1949-1108-214	4.56	spit (vb.)	1440	SPIT
Buck-1949-1108-215	4.57	vomit (vb.)	1278	VOMIT
Buck-1949-1108-216	4.58	bite (vb.)	1403	BITE
Buck-1949-1108-217	4.59	lick (vb.)	319	LICK
Buck-1949-1108-218	4.61	sleep (vb.; sb.)	1585	SLEEP
Buck-1949-1108-219	4.62	dream (sb.)	1920	DREAM (SOMETHING)
Buck-1949-1108-220	4.63	waken	1602	WAKE UP
Buck-1949-1108-221	4.64	break wind; fart (vb.)	1159	FART
Buck-1949-1108-222	4.65	make water; piss; urine, urinate	592	PISS
Buck-1949-1108-223	4.66	cacare; defecate; dung; excrement (also vb., void excrement); manure	676	SHIT (DEFECATE)
Buck-1949-1108-224	4.67	coire; copulate; sexual intercourse, have	1785	HAVE SEX
Buck-1949-1108-225	4.71	beget	1152	BEGET
Buck-1949-1108-226	4.72	bear (give birth to)	1195	GIVE BIRTH
Buck-1949-1108-227	4.73	pregnant	1123	PREGNANT
Buck-1949-1108-228	4.732	conceive (in the womb)	1087	CONCEIVE
Buck-1949-1108-229	4.74	alive; life; live (= be alive); living	3184	BE ALIVE OR LIFE
Buck-1949-1108-230	4.75	dead; death; die	3186	BE DEAD OR DEATH OR DIE
Buck-1949-1108-231	4.76	kill	1417	KILL
Buck-1949-1108-232	4.77	corpse	767	CORPSE
Buck-1949-1108-233	4.78	bury (the dead)	1719	BURY
Buck-1949-1108-234	4.79	grave (sb.)	1773	GRAVE
Buck-1949-1108-235	4.81	mighty; power; powerful; strong	3188	MIGHTY OR POWERFUL OR STRONG
Buck-1949-1108-236	4.82	weak	1601	WEAK
Buck-1949-1108-237	4.83	health; well (adj.)	1364	HEALTHY
Buck-1949-1108-238	4.84	ill (in health); sick; sickness	1847	SICK
Buck-1949-1108-239	4.85	wound	1109	WOUND
Buck-1949-1108-240	4.86	cure (vb.); heal	499	CURE
Buck-1949-1108-241	4.87	doctor; physician	597	PHYSICIAN
Buck-1949-1108-242	4.88	drug	1372	MEDICINE
Buck-1949-1108-243	4.89	poison	655	POISON
Buck-1949-1108-244	4.91	tired; weary	1757	TIRED
Buck-1949-1108-245	4.92	lazy	1564	LAZY
Buck-1949-1108-246	4.93	bald	1125	BALD
Buck-1949-1108-247	4.94	lame	320	LAME
Buck-1949-1108-248	4.95	deaf	996	DEAF
Buck-1949-1108-249	4.96	dumb	1666	MUTE
Buck-1949-1108-250	4.97	blind	1653	BLIND
Buck-1949-1108-251	4.98	drunk (adj.)	1463	DRUNK
Buck-1949-1108-252	4.99	bare; naked	590	NAKED
Buck-1949-1108-253	5.11	eat	1336	EAT
Buck-1949-1108-254	5.12	food	256	FOOD
Buck-1949-1108-255	5.13	drink (vb.)	1401	DRINK
Buck-1949-1108-256	5.14	hunger (sb.)	1533	BE HUNGRY
Buck-1949-1108-257	5.15	thirst (sb.)	848	THIRST
Buck-1949-1108-258	5.16	suck (vb.)	1421	SUCK
Buck-1949-1108-259	5.17	mix	2017	MIX
Buck-1949-1108-260	5.21	cook (vb.)	1100	COOK (SOMETHING)
Buck-1949-1108-261	5.22	boil (vb. trans., cook by boiling)	792	BOIL (OF LIQUID)
Buck-1949-1108-262	5.23	fry; roast	2146	ROAST OR FRY
Buck-1949-1108-263	5.24	bake	183	BAKE
Buck-1949-1108-264	5.242	baker	2568	BAKER
Buck-1949-1108-265	5.25	oven	1143	OVEN
Buck-1949-1108-266	5.26	pot	1462	POT
Buck-1949-1108-267	5.27	kettle	854	KETTLE
Buck-1949-1108-268	5.28	pan	31	PAN
Buck-1949-1108-269	5.31	dish	481	DISH
Buck-1949-1108-270	5.32	plate	480	PLATE
Buck-1949-1108-271	5.33	bowl	1530	BOWL
Buck-1949-1108-272	5.34	jug; pitcher	270	JUG
Buck-1949-1108-273	5.35	cup	476	CUP
Buck-1949-1108-274	5.36	saucer	271	SAUCER
Buck-1949-1108-275	5.37	knife ( = table-knife)	1352	KNIFE
Buck-1949-1108-276	5.39	fork (= table-fork); spoon	1302	FORK
Buck-1949-1108-277	5.41	meal (= repast)	1526	MEAL
Buck-1949-1108-278	5.42	breakfast; yawn	1322	BREAKFAST
Buck-1949-1108-279	5.43	lunch	768	LUNCH
Buck-1949-1108-280	5.44	dinner	1833	DINNER (SUPPER)
Buck-1949-1108-281	5.45	supper	1833	DINNER (SUPPER)
Buck-1949-1108-282	5.51	bread	1368	BREAD
Buck-1949-1108-283	5.52	cake	2408	CAKE
Buck-1949-1108-284	5.53	dough	273	DOUGH
Buck-1949-1108-285	5.54	knead	274	KNEAD
Buck-1949-1108-286	5.55	flour; meal (= ground corn)	1594	FLOUR
Buck-1949-1108-287	5.56	grind	1033	GRIND
Buck-1949-1108-288	5.57	mill	636	MILL
Buck-1949-1108-289	5.61	meat	634	MEAT
Buck-1949-1108-290	5.612	butcher	2569	BUTCHER
Buck-1949-1108-291	5.62	beef	2570	BEEF
Buck-1949-1108-292	5.63	sausage	1874	SAUSAGE
Buck-1949-1108-293	5.64	broth; soup	1547	SOUP
Buck-1949-1108-294	5.65	vegetables	924	VEGETABLES
Buck-1949-1108-295	5.66	bean	832	BEAN
Buck-1949-1108-296	5.67	pea	2025	PEA
Buck-1949-1108-297	5.68	onion	2366	ONION
Buck-1949-1108-298	5.69	potato	593	POTATO
Buck-1949-1108-299	5.71	fruit	1507	FRUIT
Buck-1949-1108-300	5.72	apple	1320	APPLE
Buck-1949-1108-301	5.73	pear	922	PEAR
Buck-1949-1108-302	5.74	peach	2043	PEACH
Buck-1949-1108-303	5.75	fig	322	FIG
Buck-1949-1108-304	5.76	grape; raisin	920	GRAPE
Buck-1949-1108-305	5.77	nut	191	NUT
Buck-1949-1108-306	5.78	olive	1154	OLIVE
Buck-1949-1108-307	5.79	oil	1484	OIL (ORGANIC SUBSTANCE)
Buck-1949-1108-308	5.8	berry	904	BERRY
Buck-1949-1108-309	5.81	salt (sb.)	1274	SALT
Buck-1949-1108-310	5.82	pepper	1385	PEPPER
Buck-1949-1108-311	5.83	vinegar	985	VINEGAR
Buck-1949-1108-312	5.84	honey	942	HONEY
Buck-1949-1108-313	5.85	sugar	862	SUGAR
Buck-1949-1108-314	5.86	milk (sb.)	635	MILK
Buck-1949-1108-315	5.87	milk (vb.)	93	DRAW MILK
Buck-1949-1108-316	5.88	cheese	1569	CHEESE
Buck-1949-1108-317	5.89	butter	1245	BUTTER
Buck-1949-1108-318	5.91	mead	941	MEAD
Buck-1949-1108-319	5.92	ale; wine	1524	WINE
Buck-1949-1108-320	5.93	beer	1639	BEER
Buck-1949-1108-321	6.11	clothe; dress (vb.)	158	PUT ON
Buck-1949-1108-322	6.12	clothes, clothing	1895	CLOTHES
Buck-1949-1108-323	6.13	tailor	881	TAILOR
Buck-1949-1108-324	6.21	cloth	1616	CLOTH
Buck-1949-1108-325	6.22	wool	964	WOOL
Buck-1949-1108-326	6.23	flax; linen	916	LINEN
Buck-1949-1108-327	6.24	cotton	1850	COTTON
Buck-1949-1108-328	6.25	silk	1641	SILK
Buck-1949-1108-329	6.26	lace (sb.)		
Buck-1949-1108-330	6.27	fur	325	FELT
Buck-1949-1108-331	6.29	leather	629	LEATHER
Buck-1949-1108-332	6.31	spin	121	SPIN
Buck-1949-1108-333	6.32	spindle	277	SPINDLE
Buck-1949-1108-334	6.33	weave	133	WEAVE
Buck-1949-1108-335	6.34	loom	1787	LOOM
Buck-1949-1108-336	6.35	sew	1457	SEW
Buck-1949-1108-337	6.37	awl; needle	278	AWL
Buck-1949-1108-338	6.38	thread	1161	THREAD
Buck-1949-1108-339	6.39	dye (vb.)	157	DYE
Buck-1949-1108-340	6.41	cloak	326	CLOAK
Buck-1949-1108-341	6.412	overcoat		
Buck-1949-1108-342	6.42	dress (sb., woman’s gown)	474	DRESS
Buck-1949-1108-343	6.43	coat	603	COAT
Buck-1949-1108-344	6.44	shirt	1622	SHIRT
Buck-1949-1108-345	6.45	collar	2012	COLLAR
Buck-1949-1108-346	6.46	skirt	1600	SKIRT
Buck-1949-1108-347	6.47	apron	2046	APRON
Buck-1949-1108-348	6.48	breeches; trousers	809	TROUSERS
Buck-1949-1108-349	6.49	socks; stockings	329	STOCKING
Buck-1949-1108-350	6.51	shoe	1381	SHOE
Buck-1949-1108-351	6.52	boot	585	BOOT
Buck-1949-1108-352	6.53	slipper		
Buck-1949-1108-353	6.54	cobbler; shoemaker	875	SHOEMAKER
Buck-1949-1108-354	6.55	cap; hat	2130	HEADGEAR
Buck-1949-1108-355	6.57	belt; girdle	772	BELT
Buck-1949-1108-356	6.58	glove	867	GLOVE
Buck-1949-1108-357	6.59	veil	1151	VEIL
Buck-1949-1108-358	6.61	pocket	1851	POCKET
Buck-1949-1108-359	6.62	button	757	BUTTON
Buck-1949-1108-360	6.63	brooch; pin	64	PIN
Buck-1949-1108-361	6.71	adornment	917	ORNAMENT
Buck-1949-1108-362	6.72	jewels	1029	JEWEL
Buck-1949-1108-363	6.73	ring (for finger)	1374	RING
Buck-1949-1108-364	6.74	bracelet	1754	BRACELET
Buck-1949-1108-365	6.75	necklace	1961	NECKLACE
Buck-1949-1108-366	6.81	handkerchief	1020	HANDKERCHIEF
Buck-1949-1108-367	6.82	towel	1021	TOWEL
Buck-1949-1108-368	6.83	napkin		
Buck-1949-1108-369	6.91	comb	1475	COMB
Buck-1949-1108-370	6.92	brush	1821	BRUSH
Buck-1949-1108-371	6.93	razor	151	RAZOR
Buck-1949-1108-372	6.94	ointment	1926	OINTMENT
Buck-1949-1108-373	6.95	soap	788	SOAP
Buck-1949-1108-374	6.96	mirror	1171	MIRROR
Buck-1949-1108-375	7.11	dwell; live (= reside); reside	363	DWELL (LIVE, RESIDE)
Buck-1949-1108-376	7.12	house	1252	HOUSE
Buck-1949-1108-377	7.122	home	2406	HOME
Buck-1949-1108-378	7.13	hut	1678	HUT
Buck-1949-1108-379	7.14	tent	1316	TENT
Buck-1949-1108-380	7.15	court (= courtyard); yard	736	YARD
Buck-1949-1108-381	7.21	room (in a house)	1450	ROOM
Buck-1949-1108-382	7.22	door; gate	1567	DOOR
Buck-1949-1108-383	7.23	lock (sb.)	1596	LOCK
Buck-1949-1108-384	7.24	key	1472	KEY
Buck-1949-1108-385	7.25	window	1375	WINDOW
Buck-1949-1108-386	7.26	floor	1632	FLOOR
Buck-1949-1108-387	7.27	wall	933	WALL (OF HOUSE)
Buck-1949-1108-388	7.28	roof	769	ROOF
Buck-1949-1108-389	7.31	fireplace; hearth	185	FIREPLACE
Buck-1949-1108-390	7.32	stove	859	STOVE
Buck-1949-1108-391	7.33	chimney	1305	CHIMNEY
Buck-1949-1108-392	7.41	furniture		
Buck-1949-1108-393	7.42	bed	1663	BED
Buck-1949-1108-394	7.43	chair	1476	CHAIR
Buck-1949-1108-395	7.44	table	1775	TABLE
Buck-1949-1108-396	7.45	lamp	2131	TORCH OR LAMP
Buck-1949-1108-397	7.46	candle	1273	CANDLE
Buck-1949-1108-398	8.11	farmer; peasant	979	FARMER
Buck-1949-1108-399	8.12	field (for cultivation)	212	FIELD
Buck-1949-1108-400	8.13	garden	586	GARDEN
Buck-1949-1108-401	8.14	barn		
Buck-1949-1108-402	8.15	cultivate (land); till (vb.)	1541	CULTIVATE
Buck-1949-1108-403	8.21	plow	1921	PLOUGH
Buck-1949-1108-404	8.212	furrow	1794	FURROW
Buck-1949-1108-405	8.22	dig	1418	DIG
Buck-1949-1108-406	8.23	spade (sb.)	1176	SPADE
Buck-1949-1108-407	8.24	shovel (sb.)	1901	SHOVEL
Buck-1949-1108-408	8.25	hoe	284	HOE
Buck-1949-1108-409	8.26	fork (= farm-fork)	337	PITCHFORK
Buck-1949-1108-410	8.27	rake	338	RAKE
Buck-1949-1108-411	8.28	harrow		
Buck-1949-1108-412	8.31	seed; sow (vb., sow seed)	748	SOW SEEDS
Buck-1949-1108-413	8.32	mow (vb.); reap	190	MOW
Buck-1949-1108-414	8.33	scythe; sickle	2132	SICKLE OR SCYTHE
Buck-1949-1108-415	8.34	thresh	285	THRESH
Buck-1949-1108-416	8.35	threshing-floor	223	THRESHING-FLOOR
Buck-1949-1108-417	8.41	crop (sb.); harvest (sb.)	611	HARVEST
Buck-1949-1108-418	8.42	corn (= grain); grain (= British corn)	605	GRAIN
Buck-1949-1108-419	8.43	wheat	1077	WHEAT
Buck-1949-1108-420	8.44	barley	932	BARLEY
Buck-1949-1108-421	8.45	rye	23	RYE
Buck-1949-1108-422	8.46	oats	60	OAT
Buck-1949-1108-423	8.47	corn (= maize); maize	506	MAIZE
Buck-1949-1108-424	8.48	rice	926	RICE
Buck-1949-1108-425	8.51	grass	606	GRASS
Buck-1949-1108-426	8.52	hay	342	HAY
Buck-1949-1108-427	8.53	herb; plant (sb.)	653	PLANT (VEGETATION)
Buck-1949-1108-428	8.54	root	670	ROOT
Buck-1949-1108-429	8.55	branch	1531	BRANCH
Buck-1949-1108-430	8.56	leaf	628	LEAF
Buck-1949-1108-431	8.57	flower	239	FLOWER
Buck-1949-1108-432	8.58	rose		
Buck-1949-1108-433	8.6	tree	906	TREE
Buck-1949-1108-434	8.61	oak	644	OAK
Buck-1949-1108-435	8.62	beech	1950	BEECH
Buck-1949-1108-436	8.63	birch	1855	BIRCH
Buck-1949-1108-437	8.64	pine	1740	PINE
Buck-1949-1108-438	8.65	fir	1915	FIR
Buck-1949-1108-439	8.66	acorn	968	ACORN
Buck-1949-1108-440	8.68	tobacco	974	TOBACCO
Buck-1949-1108-441	8.69	smoke (vb., smoke to­bacco)	1689	SMOKE (INHALE)
Buck-1949-1108-442	8.85	bough	346	BANYAN
Buck-1949-1108-443	9.11	do; make	2575	DO OR MAKE
Buck-1949-1108-444	9.12	labor (sb.); toil (sb.); work (sb.	984	WORK (LABOUR)
Buck-1949-1108-445	9.13	labor (vb.); toil (vb.); work (vb.)	1086	WORK (ACTIVITY)
Buck-1949-1108-446	9.14	bend	2224	BEND (SOMETHING)
Buck-1949-1108-447	9.15	fold	1470	FOLD
Buck-1949-1108-448	9.16	bind	1917	TIE
Buck-1949-1108-449	9.17	bond		
Buck-1949-1108-450	9.18	chain	1627	CHAIN
Buck-1949-1108-451	9.19	cord; rope	1218	ROPE
Buck-1949-1108-452	9.192	knot	760	KNOT
Buck-1949-1108-453	9.21	beat; hit; strike	2133	STRIKE OR BEAT
Buck-1949-1108-454	9.22	cut	1432	CUT
Buck-1949-1108-455	9.23	knife (general)	1352	KNIFE
Buck-1949-1108-456	9.24	scissors; shears	356	SHEARS
Buck-1949-1108-457	9.25	ax	677	AXE
Buck-1949-1108-458	9.26	break	680	BREAK (DESTROY OR GET DESTROYED)
Buck-1949-1108-459	9.27	split	1437	SPLIT
Buck-1949-1108-460	9.28	tear (vb.)	1735	TEAR (SHRED)
Buck-1949-1108-461	9.29	flay; skin (vb.)	291	PULL OFF (SKIN)
Buck-1949-1108-462	9.31	rub	1449	RUB
Buck-1949-1108-463	9.32	stretch	214	STRETCH
Buck-1949-1108-464	9.33	draw; pull	1455	PULL
Buck-1949-1108-465	9.34	spread; strew	38	SPREAD OUT
Buck-1949-1108-466	9.342	press (sb.)	1913	PRESS
Buck-1949-1108-467	9.35	pour	1487	POUR
Buck-1949-1108-468	9.36	wash	1453	WASH
Buck-1949-1108-469	9.37	sweep	230	SWEEP
Buck-1949-1108-470	9.38	broom	245	BROOM
Buck-1949-1108-471	9.41	craft; trade (sb.)	898	TRADE
Buck-1949-1108-472	9.412	art		
Buck-1949-1108-473	9.42	artisan; craftsman		
Buck-1949-1108-474	9.422	tool	1361	TOOL
Buck-1949-1108-475	9.423	use (vb.)	2072	USE (VERB)
Buck-1949-1108-476	9.43	carpenter	1042	CARPENTER
Buck-1949-1108-477	9.44	build	1840	BUILD
Buck-1949-1108-478	9.46	bore	1501	BORE
Buck-1949-1108-479	9.47	auger		
Buck-1949-1108-480	9.48	saw (sb.)	1948	SAW
Buck-1949-1108-481	9.49	hammer (sb.)	1481	HAMMER
Buck-1949-1108-482	9.5	nail (carpenter’s)	502	NAIL (TOOL)
Buck-1949-1108-483	9.51	beam	1132	BEAM
Buck-1949-1108-484	9.52	board	1227	BOARD
Buck-1949-1108-485	9.53	mason	877	MASON
Buck-1949-1108-486	9.54	brick	1006	BRICK
Buck-1949-1108-487	9.55	mortar (mason's)	224	MORTAR CRUSHER
Buck-1949-1108-488	9.6	smith	1001	BLACKSMITH
Buck-1949-1108-489	9.61	forge (vb.)	288	FORGE
Buck-1949-1108-490	9.62	anvil	1648	ANVIL
Buck-1949-1108-491	9.63	cast (metals)	211	CAST
Buck-1949-1108-492	9.64	gold	1369	GOLD
Buck-1949-1108-493	9.65	silver	759	SILVER
Buck-1949-1108-494	9.66	bronze; copper	3192	BRONZE OR COPPER
Buck-1949-1108-495	9.67	iron	621	IRON
Buck-1949-1108-496	9.68	lead (sb.)	627	LEAD (CHEMICAL ELEMENT)
Buck-1949-1108-497	9.69	tin, tin-plate	3217	TIN OR TINPLATE
Buck-1949-1108-498	9.71	potter	359	POTTER
Buck-1949-1108-499	9.72	mold (vb.)	289	MOLD
Buck-1949-1108-500	9.73	clay	1399	CLAY
Buck-1949-1108-501	9.74	glass	604	GLASS
Buck-1949-1108-502	9.75	plait	3296	WEAVE (BASKET)
Buck-1949-1108-503	9.76	basket	1539	BASKET
Buck-1949-1108-504	9.81	carve	228	CARVE
Buck-1949-1108-505	9.82	sculptor	914	SCULPTOR
Buck-1949-1108-506	9.83	statute	1002	STATUE
Buck-1949-1108-507	9.85	paint (vb., as artist)	2001	PAINTING
Buck-1949-1108-508	9.86	painter		
Buck-1949-1108-509	9.87	painting (sb.); picture	135	BOOMERANG
Buck-1949-1108-510	9.88	paint (sb.)	647	PAINT (PIGMENTS)
Buck-1949-1108-511	9.89	paint (vb., a house)	3122	PAINT (SOMETHING)
Buck-1949-1108-512	9.9	thing	738	THING
Buck-1949-1108-513	9.91	be	1579	BE
Buck-1949-1108-514	9.92	become	1990	BECOME
Buck-1949-1108-515	9.93	necessity; need (sb.)	295	WHETSTONE
Buck-1949-1108-516	9.94	must; ought	971	MUST
Buck-1949-1108-517	9.942	duty		
Buck-1949-1108-518	9.943	fitting; suitable		
Buck-1949-1108-519	9.95	able, be; can (vb.); may	972	BE ABLE
Buck-1949-1108-520	9.96	easy	686	EASY
Buck-1949-1108-521	9.97	difficult; hard (= difficult)	584	DIFFICULT
Buck-1949-1108-522	9.98	tempt; test; try¹ (= make trial of, test)	2571	TRY (TEST)
Buck-1949-1108-523	9.99	attempt (vb.); try² (= attempt, endeavor)	1812	TRY
Buck-1949-1108-524	9.992	manner; way (manner)	488	MANNER
Buck-1949-1108-525	9.993	happen	248	HAPPEN
Buck-1949-1108-526	10.11	move	765	MOVE
Buck-1949-1108-527	10.12	turn	1588	TURN
Buck-1949-1108-528	10.13	turn round	1445	TURN (SOMETHING)
Buck-1949-1108-529	10.14	wind (vb.); wrap	1113	WRAP
Buck-1949-1108-530	10.15	roll (vb.)	827	ROLL
Buck-1949-1108-531	10.21	rise	3207	GO UP OR RISE (ONESELF)
Buck-1949-1108-532	10.22	lift; raise	501	LIFT
Buck-1949-1108-533	10.23	drop (vb.); fall (vb.)	1280	FALL
Buck-1949-1108-534	10.24	drop (sb.)	2253	DRIP (EMIT LIQUID)
Buck-1949-1108-535	10.25	throw	1456	THROW
Buck-1949-1108-536	10.26	shake	1909	SHAKE
Buck-1949-1108-537	10.31	boil (vb. intr.)	792	BOIL (OF LIQUID)
Buck-1949-1108-538	10.32	flow	2003	FLOW
Buck-1949-1108-539	10.33	sink (vb.)	1088	SINK (DESCEND)
Buck-1949-1108-540	10.34	float	1574	FLOAT
Buck-1949-1108-541	10.35	swim	1439	SWIM
Buck-1949-1108-542	10.36	sail (vb.)	787	SAIL
Buck-1949-1108-543	10.37	fly (vb.)	1441	FLY (MOVE THROUGH AIR)
Buck-1949-1108-544	10.38	blow (vb.)	175	BLOW (OF WIND)
Buck-1949-1108-545	10.41	crawl; creep	3456	CRAWL OR CREEP
Buck-1949-1108-546	10.42	slide; slip (vb.)	1324	SLIP
Buck-1949-1108-547	10.43	jump (vb.); leap (vb.)	1829	JUMP
Buck-1949-1108-548	10.44	dance (vb.)	1879	DANCE
Buck-1949-1108-549	10.45	walk (vb.)	1443	WALK
Buck-1949-1108-550	10.46	run	1519	RUN
Buck-1949-1108-551	10.47	go	695	GO
Buck-1949-1108-552	10.48	come	1446	COME
Buck-1949-1108-553	10.49	depart	1752	LEAVE
Buck-1949-1108-554	10.51	flee	956	FLEE
Buck-1949-1108-555	10.52	follow	1085	FOLLOW
Buck-1949-1108-556	10.53	persecute; pursue	1047	PURSUE
Buck-1949-1108-557	10.54	overtake		
Buck-1949-1108-558	10.55	arrive; reach	1387	ARRIVE
Buck-1949-1108-559	10.56	approach	1778	APPROACH
Buck-1949-1108-560	10.57	enter	749	ENTER
Buck-1949-1108-561	10.61	bear (carry); carry	700	CARRY
Buck-1949-1108-562	10.62	bring	692	BRING
Buck-1949-1108-563	10.63	send	1127	SEND
Buck-1949-1108-564	10.64	lead (vb.)	43	LEAD (GUIDE)
Buck-1949-1108-565	10.65	drive	3290	IMPEL
Buck-1949-1108-566	10.66	ride	367	RIDE
Buck-1949-1108-567	10.67	push (vb.); shove (vb.)	1452	PUSH
Buck-1949-1108-568	10.71	road; way (road)	667	ROAD
Buck-1949-1108-569	10.72	path	2252	PATH
Buck-1949-1108-570	10.73	street	1362	STREET
Buck-1949-1108-571	10.74	bridge	1011	BRIDGE
Buck-1949-1108-572	10.75	carriage; cart; wagon	122	CART
Buck-1949-1108-573	10.76	wheel	710	WHEEL
Buck-1949-1108-574	10.77	axle	1769	AXLE
Buck-1949-1108-575	10.78	yoke	14	YOKE
Buck-1949-1108-576	10.81	ship	740	SHIP
Buck-1949-1108-577	10.82	sailor		
Buck-1949-1108-578	10.83	boat	1844	BOAT
Buck-1949-1108-579	10.84	raft	1664	RAFT
Buck-1949-1108-580	10.85	oar	3137	OAR
Buck-1949-1108-581	10.86	rudder	108	RUDDER
Buck-1949-1108-582	10.87	mast	184	MAST
Buck-1949-1108-583	10.88	sail (sb.)	786	SAILCLOTH
Buck-1949-1108-584	10.89	anchor	1870	ANCHOR
Buck-1949-1108-585	10.9	harbor; port	610	PORT
Buck-1949-1108-586	11.11	have	773	HAVE
Buck-1949-1108-587	11.12	own; possess	684	OWN
Buck-1949-1108-588	11.13	take	1749	TAKE
Buck-1949-1108-589	11.14	grasp; seize; take hold of	855	SEIZE
Buck-1949-1108-590	11.15	hold	1448	HOLD
Buck-1949-1108-591	11.16	get; obtain	694	GET
Buck-1949-1108-592	11.17	keep (= retain); retain	1477	KEEP
Buck-1949-1108-593	11.21	give	1447	GIVE
Buck-1949-1108-594	11.22	give back; return (= give back)	85	GIVE BACK
Buck-1949-1108-595	11.23	restore	2243	REPAIR
Buck-1949-1108-596	11.24	keep (= preserve, save); preserve; save (= preserve)	1997	PRESERVE
Buck-1949-1108-597	11.25	save (= rescue)	2008	RESCUE
Buck-1949-1108-598	11.26	rescue; safe (adj.)	2008	RESCUE
Buck-1949-1108-599	11.27	destroy	681	DESTROY
Buck-1949-1108-600	11.28	damage (vb.); harm (vb.); injure	3195	DAMAGE OR INJURE
Buck-1949-1108-601	11.29	spoil (vb.)	1116	DAMAGE
Buck-1949-1108-602	11.31	search for; seek	1468	LOOK FOR
Buck-1949-1108-603	11.32	find	719	FIND
Buck-1949-1108-604	11.33	lose	1660	LOSE
Buck-1949-1108-605	11.34	let go; release	1095	LET GO OR SET FREE
Buck-1949-1108-606	11.41	property		
Buck-1949-1108-607	11.42	riches; wealth		
Buck-1949-1108-608	11.43	money	1559	MONEY
Buck-1949-1108-609	11.44	coin	1867	COIN
Buck-1949-1108-610	11.45	purse		
Buck-1949-1108-611	11.46	treasure		
Buck-1949-1108-612	11.47	bank (financial)	1284	BANK
Buck-1949-1108-613	11.48	heir		
Buck-1949-1108-614	11.51	rich	712	RICH
Buck-1949-1108-615	11.52	poor	1674	POOR
Buck-1949-1108-616	11.53	beggar	1934	BEGGAR
Buck-1949-1108-617	11.54	avaricious; stingy	1774	STINGY
Buck-1949-1108-618	11.55	miser		
Buck-1949-1108-619	11.56	steal	713	STEAL
Buck-1949-1108-620	11.57	thief	1160	THIEF
Buck-1949-1108-621	11.58	rob, robber	2073	ROB (VERB)
Buck-1949-1108-622	11.61	lend	582	LEND
Buck-1949-1108-623	11.62	borrow	1823	BORROW
Buck-1949-1108-624	11.63	owe	369	OWE
Buck-1949-1108-625	11.64	debt	1914	DEBT
Buck-1949-1108-626	11.65	pay (vb.)	718	PAY
Buck-1949-1108-627	11.66	account; reckoning	1081	BILL
Buck-1949-1108-628	11.67	pledge; surety		
Buck-1949-1108-629	11.68	interest (sb.); tribute	2062	INTEREST
Buck-1949-1108-630	11.69	tax (sb.)	873	TAX
Buck-1949-1108-631	11.71	income (from property)		
Buck-1949-1108-632	11.72	cost (sb.); expense	242	COST
Buck-1949-1108-633	11.73	gain (sb.); profit (sb.)	733	EARN
Buck-1949-1108-634	11.74	loss (monetary)		
Buck-1949-1108-635	11.75	lease; let (= lease); rent (vb.)	582	LEND
Buck-1949-1108-636	11.76	lease; rent	1823	BORROW
Buck-1949-1108-637	11.77	hire (vb.)	856	HIRE
Buck-1949-1108-638	11.78	pay (sb.); wages	1122	WAGES
Buck-1949-1108-639	11.81	buy	1869	BUY
Buck-1949-1108-640	11.82	sell	1571	SELL
Buck-1949-1108-641	11.83	trace (vg.)	2135	TRADE OR BARTER
Buck-1949-1108-642	11.84	merchant	1082	MERCHANT
Buck-1949-1108-643	11.85	market (place)	633	MARKET
Buck-1949-1108-644	11.86	shop; store (sb.)	752	STORE
Buck-1949-1108-645	11.87	price	657	PRICE
Buck-1949-1108-646	11.88	dear (= expensive)	1426	EXPENSIVE
Buck-1949-1108-647	11.89	cheap	1887	CHEAP
Buck-1949-1108-648	11.91	expensive	1426	EXPENSIVE
Buck-1949-1108-649	12.11	place (sb.)	723	PLACE (POSITION)
Buck-1949-1108-650	12.12	lay; place (vb.); put; set	998	PUT
Buck-1949-1108-651	12.13	lie (vb.); sit	1416	SIT
Buck-1949-1108-652	12.15	stand (vb.)	1442	STAND
Buck-1949-1108-653	12.16	remain (= stay); stay (vb. intr.); wait	987	REMAIN
Buck-1949-1108-654	12.17	be left; remain (= be left)	838	REMAINS
Buck-1949-1108-655	12.18	leave	1752	LEAVE
Buck-1949-1108-656	12.19	quiet (adj.)	1314	QUIET
Buck-1949-1108-657	12.21	collect; gather	7	GATHER
Buck-1949-1108-658	12.22	join; unite	1743	JOIN
Buck-1949-1108-659	12.23	separate (vb.)	1359	SEPARATE
Buck-1949-1108-660	12.232	divide	1119	DIVIDE
Buck-1949-1108-661	12.24	open (vb.)	1156	OPEN
Buck-1949-1108-662	12.25	close (vb.); shut (vb.)	1046	SHUT
Buck-1949-1108-663	12.26	cover (vb.)	761	COVER
Buck-1949-1108-664	12.27	conceal; hide (vb.)	602	HIDE (CONCEAL)
Buck-1949-1108-665	12.31	high	1265	HIGH
Buck-1949-1108-666	12.32	low	2191	LOW (HEIGHT)
Buck-1949-1108-667	12.33	top	1753	TOP
Buck-1949-1108-668	12.34	bottom	690	BOTTOM
Buck-1949-1108-669	12.35	end (sb., spatial)	742	END (OF SPACE)
Buck-1949-1108-670	12.352	point (sb. = sharp end)	3255	POINT (POINTED END)
Buck-1949-1108-671	12.353	edge	863	EDGE
Buck-1949-1108-672	12.36	side	682	SIDE
Buck-1949-1108-673	12.37	middle (adj.)	1093	MIDDLE
Buck-1949-1108-674	12.38	center	491	CENTER
Buck-1949-1108-675	12.41	right (adj., vs. left)	1019	RIGHT
Buck-1949-1108-676	12.42	left (adj., vs. right)	244	LEFT
Buck-1949-1108-677	12.43	near (adv.)	1942	NEAR
Buck-1949-1108-678	12.44	far (adv.)	1406	FAR
Buck-1949-1108-679	12.45	east	1877	EAST
Buck-1949-1108-680	12.46	west	1817	WEST
Buck-1949-1108-681	12.47	north	1598	NORTH
Buck-1949-1108-682	12.48	south	1595	SOUTH
Buck-1949-1108-683	12.51	form (sb.); shape (sb.)		
Buck-1949-1108-684	12.52	size	2845	SIZE (OF OBJECT)
Buck-1949-1108-685	12.53	group (13.192) grow	479	GROW
Buck-1949-1108-686	12.54	measure (vb.)	1506	MEASURE
Buck-1949-1108-687	12.55	big; great; large	1202	BIG
Buck-1949-1108-688	12.56	little; small	1246	SMALL
Buck-1949-1108-689	12.57	long	1203	LONG
Buck-1949-1108-690	12.58	tall	711	TALL
Buck-1949-1108-691	12.59	short	1645	SHORT
Buck-1949-1108-692	12.61	broad; wide	1243	WIDE
Buck-1949-1108-693	12.62	narrow	1267	NARROW
Buck-1949-1108-694	12.63	thick (in dimension)	1244	THICK
Buck-1949-1108-695	12.64	thick (in density)	1244	THICK
Buck-1949-1108-696	12.65	thin (in dimension)	2249	THIN (OF SHAPE OF OBJECT)
Buck-1949-1108-697	12.66	thin (in density)	2157	FINE OR THIN
Buck-1949-1108-698	12.67	deep	1593	DEEP
Buck-1949-1108-699	12.68	shallow (adj.)	193	SHALLOW
Buck-1949-1108-700	12.71	flat (adj.)	1633	FLAT
Buck-1949-1108-701	12.72	concave; hollow	1155	CAVE
Buck-1949-1108-702	12.73	straight	1404	STRAIGHT
Buck-1949-1108-703	12.74	curved; crooked	297	CROOKED
Buck-1949-1108-704	12.75	hook	1071	HOOK
Buck-1949-1108-705	12.76	corner	192	CORNER
Buck-1949-1108-706	12.77	cross (sb.)	1367	CROSS
Buck-1949-1108-707	12.78	square (sb.)	850	SQUARE
Buck-1949-1108-708	12.81	round (adj.)	1395	ROUND
Buck-1949-1108-709	12.82	circle	1467	CIRCLE
Buck-1949-1108-710	12.83	sphere	1845	BALL
Buck-1949-1108-711	12.84	line (sb., spatial)	1048	LINE
Buck-1949-1108-712	12.85	hole	1667	HOLE
Buck-1949-1108-713	12.91	equal	1570	EQUAL
Buck-1949-1108-714	12.92	like (adj.); similar	1558	SIMILAR
Buck-1949-1108-715	12.93	change (vb.)	1264	CHANGE
Buck-1949-1108-716	12.94	sign (sb.)	1720	SIGN
Buck-1949-1108-717	13.11	amount; quantity		
Buck-1949-1108-718	13.12	number	1356	NUMBER
Buck-1949-1108-719	13.13	all; whole	2277	WHOLE
Buck-1949-1108-720	13.14	all; every	98	ALL
Buck-1949-1108-721	13.15	many; much	1198	MANY
Buck-1949-1108-722	13.16	more	1992	MORE
Buck-1949-1108-723	13.162	most	1198	MANY
Buck-1949-1108-724	13.17	few (pi.); little	1242	FEW
Buck-1949-1108-725	13.18	enough	1881	ENOUGH
Buck-1949-1108-726	13.19	crowd (sb.); multitude	2023	CROWD
Buck-1949-1108-727	13.21	full (adj.)	1429	FULL
Buck-1949-1108-728	13.22	empty	1624	EMPTY
Buck-1949-1108-729	13.23	part	779	PART
Buck-1949-1108-730	13.24	half	816	HALF
Buck-1949-1108-731	13.32	one	1493	ONE
Buck-1949-1108-732	13.33	alone; only	1580	ONLY
Buck-1949-1108-733	13.34	first	728	FIRST
Buck-1949-1108-734	13.35	last (adj.)	1529	LAST (FINAL)
Buck-1949-1108-735	13.41	three	492	THREE
Buck-1949-1108-736	13.42	third (ordinal)	1859	THIRD
Buck-1949-1108-737	13.43	third (sb., fraction)	1859	THIRD
Buck-1949-1108-738	13.44	three times; thrice	417	THREE TIMES
Buck-1949-1108-739	13.45	three times, occurring (adj.)	417	THREE TIMES
Buck-1949-1108-740	13.46	threefold; triple		
Buck-1949-1108-741	13.47	three kinds, consisting of		
Buck-1949-1108-742	13.48	three together (coll. adj.)		
Buck-1949-1108-743	13.49	three, group of		
Buck-1949-1108-744	13.51	threes, by (coll. adv.)		
Buck-1949-1108-745	13.52	three apiece; triad; trio		
Buck-1949-1108-746	13.54	tertiary		
Buck-1949-1108-747	14.11	time	892	TIME
Buck-1949-1108-748	14.12	age	1789	AGE
Buck-1949-1108-749	14.13	new	1231	NEW
Buck-1949-1108-750	14.14	young	1207	YOUNG
Buck-1949-1108-751	14.15	old	1229	OLD
Buck-1949-1108-752	14.16	early	672	EARLY
Buck-1949-1108-753	14.17	late	477	LATE
Buck-1949-1108-754	14.18	now	1376	NOW
Buck-1949-1108-755	14.19	immediately; soon	1963	IMMEDIATELY
Buck-1949-1108-756	14.21	fast ( = swift); quick; swift	1631	FAST
Buck-1949-1108-757	14.22	slow	701	SLOW
Buck-1949-1108-758	14.23	hasten	754	HURRY
Buck-1949-1108-759	14.24	delay (vb. intr.)	425	BE LATE
Buck-1949-1108-760	14.25	begin, beginning	1806	BEGIN
Buck-1949-1108-761	14.252	last (vb.)	1186	LAST (ENDURE)
Buck-1949-1108-762	14.26	end (sb., temporal)	743	END (OF TIME)
Buck-1949-1108-763	14.27	finish	1766	FINISH
Buck-1949-1108-764	14.28	cease; stop (= cease)	1928	CEASE
Buck-1949-1108-765	14.29	ready	790	READY
Buck-1949-1108-766	14.31	always	1676	ALWAYS
Buck-1949-1108-767	14.32	often	1852	OFTEN
Buck-1949-1108-768	14.33	sometimes	1544	SOMETIMES
Buck-1949-1108-769	14.34	never	1656	NEVER
Buck-1949-1108-770	14.35	again	204	AGAIN
Buck-1949-1108-771	14.41	day	1225	DAY (NOT NIGHT)
Buck-1949-1108-772	14.42	night	1233	NIGHT
Buck-1949-1108-773	14.43	dawn	729	DAWN
Buck-1949-1108-774	14.44	morning	1339	MORNING
Buck-1949-1108-775	14.45	noon	12	MIDDAY
Buck-1949-1108-776	14.46	evening	1629	EVENING
Buck-1949-1108-777	14.47	today	1283	TODAY
Buck-1949-1108-778	14.48	tomorrow	1329	TOMORROW
Buck-1949-1108-779	14.49	yesterday	1174	YESTERDAY
Buck-1949-1108-780	14.51	hour	1353	HOUR
Buck-1949-1108-781	14.53	clock; watch (sb., timepiece)	1323	CLOCK
Buck-1949-1108-782	14.61	week	1469	WEEK
Buck-1949-1108-783	14.62	Sunday	1699	SUNDAY
Buck-1949-1108-784	14.63	Monday	1697	MONDAY
Buck-1949-1108-785	14.64	Tuesday	1695	TUESDAY
Buck-1949-1108-786	14.65	Wednesday	1694	WEDNESDAY
Buck-1949-1108-787	14.66	Thursday	1693	THURSDAY
Buck-1949-1108-788	14.67	fall (sb., season); Friday	1692	FRIDAY
Buck-1949-1108-789	14.68	Saturday	1700	SATURDAY
Buck-1949-1108-790	14.71	month	1370	MONTH
Buck-1949-1108-791	14.73	year	1226	YEAR
Buck-1949-1108-792	14.74	winter	1471	WINTER
Buck-1949-1108-793	14.75	spring (sb., season)	1537	SPRINGTIME
Buck-1949-1108-794	14.76	summer	1342	SUMMER
Buck-1949-1108-795	14.77	autumn	1276	AUTUMN
Buck-1949-1108-796	14.78	season (of the year)	691	SEASON
Buck-1949-1108-797	15.11	perceive (by senses); sense (perception)	2572	SENSE (PERCEIVE BY SENSES)
Buck-1949-1108-798	15.25	fragrant; smelling (good or bad)	376	FRAGRANT
Buck-1949-1108-799	15.26	smelling (good or bad); stinking	42	STINKING
Buck-1949-1108-800	15.35	sweet	717	SWEET
Buck-1949-1108-801	15.36	salt (adj.)	1091	SALTY
Buck-1949-1108-802	15.37	bitter	887	BITTER
Buck-1949-1108-803	15.38	acid (adj.); sour	1906	SOUR
Buck-1949-1108-804	15.41	hear	1408	HEAR
Buck-1949-1108-805	15.42	listen	1608	LISTEN
Buck-1949-1108-806	15.43	hearing (sb.)	2518	HEARING (AURAL SENSE)
Buck-1949-1108-807	15.44	sound (sb.)	1811	SOUND OR NOISE
Buck-1949-1108-808	15.45	loud	377	LOUD
Buck-1949-1108-809	15.51	see	1409	SEE
Buck-1949-1108-810	15.52	look (vb.)	1819	LOOK
Buck-1949-1108-811	15.53	sight	2519	SEEING (VISUAL SENSE)
Buck-1949-1108-812	15.54	appearance; look (sb.); sight	1017	APPEARANCE
Buck-1949-1108-813	15.55	show (vb.)	1039	SHOW
Buck-1949-1108-814	15.56	shine	708	SHINE
Buck-1949-1108-815	15.57	bright	679	BRIGHT
Buck-1949-1108-816	15.61	color (sb.)	1613	COLOR
Buck-1949-1108-817	15.62	light (adj., of color)	250	LIGHT (COLOR)
Buck-1949-1108-818	15.63	dark (of color)	706	DARK
Buck-1949-1108-819	15.64	white	1335	WHITE
Buck-1949-1108-820	15.65	black	163	BLACK
Buck-1949-1108-821	15.66	red	156	RED
Buck-1949-1108-822	15.67	blue	837	BLUE
Buck-1949-1108-823	15.68	green	1425	GREEN
Buck-1949-1108-824	15.69	yellow	1424	YELLOW
Buck-1949-1108-825	15.71	touch (vb.)	1892	TOUCH
Buck-1949-1108-826	15.72	feel (vb.)	1079	FEEL
Buck-1949-1108-827	15.73	touch (sb.)	1892	TOUCH
Buck-1949-1108-828	15.74	hard (vs. soft)	1884	HARD
Buck-1949-1108-829	15.75	soft	1856	SOFT
Buck-1949-1108-830	15.76	rough	1923	ROUGH
Buck-1949-1108-831	15.77	smooth	1234	SMOOTH
Buck-1949-1108-832	15.78	sharp	1396	SHARP
Buck-1949-1108-833	15.79	blunt; dull	379	BLUNT
Buck-1949-1108-834	15.81	heavy	1210	HEAVY
Buck-1949-1108-835	15.82	light (adj., of weight)	1052	LIGHT (WEIGHT)
Buck-1949-1108-836	15.83	damp; wet	1726	WET
Buck-1949-1108-837	15.84	dry	1398	DRY
Buck-1949-1108-838	15.85	hot; warm	1286	HOT
Buck-1949-1108-839	15.86	cold	1287	COLD
Buck-1949-1108-840	15.87	clean	704	CLEAN
Buck-1949-1108-841	15.88	dirty; soiled	1230	DIRTY
Buck-1949-1108-842	16.11	soul; spirit	811	SOUL
Buck-1949-1108-843	16.12	emotion; feeling (emotion)	2573	FEELING (EMOTION)
Buck-1949-1108-844	16.13	passion		
Buck-1949-1108-845	16.14	care (sb.)	253	CARE FOR
Buck-1949-1108-846	16.15	astonishment; wonder (sb.)		
Buck-1949-1108-847	16.16	surprise (sb.)		
Buck-1949-1108-848	16.17	fortune (good or ill)		
Buck-1949-1108-849	16.18	fortune (good)	720	GOOD LUCK
Buck-1949-1108-850	16.19	disaster; misfortune	56	BAD LUCK
Buck-1949-1108-851	16.21	please	1271	DELIGHT
Buck-1949-1108-852	16.212	please (in polite phrase)		
Buck-1949-1108-853	16.22	joy; pleasure	2524	JOY
Buck-1949-1108-854	16.23	glad; joyful	1495	HAPPY
Buck-1949-1108-855	16.24	happy	1495	HAPPY
Buck-1949-1108-856	16.25	laugh (vb.); scream; smile (vb.)	1355	LAUGH
Buck-1949-1108-857	16.26	play (vb.)	1413	PLAY
Buck-1949-1108-858	16.27	love	923	LOVE
Buck-1949-1108-859	16.28	dear (= beloved)	2470	DEAR
Buck-1949-1108-860	16.29	kiss (vb.)	578	KISS
Buck-1949-1108-861	16.31	pain; suffering	1783	PAIN
Buck-1949-1108-862	16.32	grief; sorrow	1668	GRIEF
Buck-1949-1108-863	16.33	anxiety	1000	ANXIETY
Buck-1949-1108-864	16.34	regret (vb.); repent	1875	REGRET
Buck-1949-1108-865	16.35	pity (sb.)	1141	PITY
Buck-1949-1108-866	16.36	sad	699	SAD
Buck-1949-1108-867	16.37	cry (vb. = weep); weep	1839	CRY
Buck-1949-1108-868	16.38	tear (sb.)	1651	TEAR (OF EYE)
Buck-1949-1108-869	16.39	groan	716	GROAN
Buck-1949-1108-870	16.41	hate (sb.)	1607	HATE
Buck-1949-1108-871	16.42	anger	82	ANGER
Buck-1949-1108-872	16.43	fury; rage	82	ANGER
Buck-1949-1108-873	16.44	envy	40	ENVY
Buck-1949-1108-874	16.45	shame	1776	SHAME
Buck-1949-1108-875	16.46	honor (sb.)		
Buck-1949-1108-876	16.47	glory (sb.)		
Buck-1949-1108-877	16.48	jealousy; proud	174	PROUD
Buck-1949-1108-878	16.51	dare (vb.)	1779	DARE
Buck-1949-1108-879	16.52	brave	3	BRAVE
Buck-1949-1108-880	16.53	fear (sb.); fright	781	FEAR (FRIGHT)
Buck-1949-1108-881	16.54	danger	1810	DANGER
Buck-1949-1108-882	16.55	cowardly; timid		
Buck-1949-1108-883	16.61	will (vb.); wish	2117	DESIRE
Buck-1949-1108-884	16.62	desire (vb.)	1784	WANT
Buck-1949-1108-885	16.63	hope (sb.)	3211	HOPE (FAITH)
Buck-1949-1108-886	16.64	thanks		
Buck-1949-1108-887	16.65	faithful	100	FAITHFUL
Buck-1949-1108-888	16.66	true	1657	TRUE
Buck-1949-1108-889	16.67	lie (sb.)	475	UNTRUTH
Buck-1949-1108-890	16.68	deceit	13	DECEIT
Buck-1949-1108-891	16.69	forgive	1528	FORGIVE
Buck-1949-1108-892	16.71	good; well- (adv. prefix)	1035	GOOD
Buck-1949-1108-893	16.72	bad; evil	1292	BAD
Buck-1949-1108-894	16.73	right (adj., vs. wrong)	1725	CORRECT (RIGHT)
Buck-1949-1108-895	16.74	wrong	1390	WRONG
Buck-1949-1108-896	16.75	sin (sb.)		
Buck-1949-1108-897	16.76	fault; guilt	134	FAULT
Buck-1949-1108-898	16.77	error; mistake; worthy	1293	MISTAKE
Buck-1949-1108-899	16.78	blame (sb.)	381	BLAME
Buck-1949-1108-900	16.79	praise (sb.)	1687	PRAISE
Buck-1949-1108-901	16.81	beautiful	1427	BEAUTIFUL
Buck-1949-1108-902	16.82	homely (in appearance); plain (adj., in appearance); ugly (in appearance)	1548	UGLY
Buck-1949-1108-903	17.11	mind (sb.)	1562	MIND
Buck-1949-1108-904	17.12	intelligence; reason (= intelligence)		
Buck-1949-1108-905	17.14	thought; think1 (= reflect)	1513	THINK (BELIEVE)
Buck-1949-1108-906	17.15	believe; think2 (= be of the opin­ion)	1890	BELIEVE
Buck-1949-1108-907	17.16	understand	1536	UNDERSTAND
Buck-1949-1108-908	17.17	know	1410	KNOW (SOMETHING)
Buck-1949-1108-909	17.18	seem	1521	SEEM
Buck-1949-1108-910	17.19	idea; notion	1609	IDEA
Buck-1949-1108-911	17.21	wise	698	WISE
Buck-1949-1108-912	17.22	foolish; stupid	1518	STUPID
Buck-1949-1108-913	17.23	crazy; insane; mad (= insane)	1899	MAD
Buck-1949-1108-914	17.24	learn	504	LEARN
Buck-1949-1108-915	17.242	study	1929	STUDY
Buck-1949-1108-916	17.25	teach	709	TEACH
Buck-1949-1108-917	17.26	pupil	753	PUPIL (STUDENT)
Buck-1949-1108-918	17.27	teacher	1038	TEACHER
Buck-1949-1108-919	17.28	school	673	SCHOOL
Buck-1949-1108-920	17.31	remember	707	REMEMBER
Buck-1949-1108-921	17.32	forget	1523	FORGET
Buck-1949-1108-922	17.33	meaning; sense (meaning)		
Buck-1949-1108-923	17.34	clear (adj., vs. obscure); plain (adj., to under­stand)	989	CLEAR
Buck-1949-1108-924	17.35	obscure (adj.)	1764	OBSCURE
Buck-1949-1108-925	17.36	secret (adj.)	1121	SECRET
Buck-1949-1108-926	17.37	certain; sure	509	CERTAIN
Buck-1949-1108-927	17.38	explain	1626	EXPLAIN
Buck-1949-1108-928	17.39	solve		
Buck-1949-1108-929	17.41	intention; purpose	1162	INTENTION
Buck-1949-1108-930	17.42	cause	860	CAUSE
Buck-1949-1108-931	17.43	doubt	1308	DOUBT
Buck-1949-1108-932	17.44	suspicion	3197	SUSPICION
Buck-1949-1108-933	18.11	voice	1363	VOICE
Buck-1949-1108-934	18.12	sing	1261	SING
Buck-1949-1108-935	18.13	cry (vb. = cry out); shout (vb.)	715	SHOUT
Buck-1949-1108-936	18.14	cries, various		
Buck-1949-1108-937	18.21	speak; talk (vb.)	1623	SPEAK
Buck-1949-1108-938	18.22	say	1458	SAY
Buck-1949-1108-939	18.23	silent, be	48	BE SILENT
Buck-1949-1108-940	18.24	language	1307	LANGUAGE
Buck-1949-1108-941	18.25	dialect	2815	DIALECT
Buck-1949-1108-942	18.26	word	1599	WORD
Buck-1949-1108-943	18.27	dictionary		
Buck-1949-1108-944	18.28	name	1405	NAME
Buck-1949-1108-945	18.31	ask1 (inquire); question	1309	ASK (INQUIRE)
Buck-1949-1108-946	18.32	answer (vb.)	1275	ANSWER
Buck-1949-1108-947	18.33	admit; confess	2022	ADMIT
Buck-1949-1108-948	18.34	deny	755	DENY
Buck-1949-1108-949	18.35	ask2 (request); request	1828	ASK (REQUEST)
Buck-1949-1108-950	18.36	promise (vb.)	1675	PROMISE
Buck-1949-1108-951	18.37	refuse (vb.)	49	REFUSE
Buck-1949-1108-952	18.38	forbid	83	FORBID
Buck-1949-1108-953	18.41	call (vb. = summon)	1084	CALL
Buck-1949-1108-954	18.42	call (vb. = name)	180	CALL BY NAME
Buck-1949-1108-955	18.43	announce	9	ANNOUNCE
Buck-1949-1108-956	18.44	threaten	1192	THREATEN
Buck-1949-1108-957	18.45	boast	101	BOAST
Buck-1949-1108-958	18.51	write	1672	WRITE
Buck-1949-1108-959	18.52	read	724	READ
Buck-1949-1108-960	18.53	letter (of the alphabet)	1612	LETTER
Buck-1949-1108-961	18.54	letter (= epistle)	1612	LETTER
Buck-1949-1108-962	18.55	tablet (for writing)	395	PILL
Buck-1949-1108-963	18.56	paper (for writing)	648	PAPER
Buck-1949-1108-964	18.57	pen	794	PEN
Buck-1949-1108-965	18.58	ink	2643	INK
Buck-1949-1108-966	18.59	pencil	2578	PENCIL
Buck-1949-1108-967	18.61	book	963	BOOK
Buck-1949-1108-968	18.62	author (literary); page (of book); writer (literary)		
Buck-1949-1108-969	18.63	line (of writing, printing)	1048	LINE
Buck-1949-1108-970	18.64	print (vb.)		
Buck-1949-1108-971	18.65	literature		
Buck-1949-1108-972	18.67	poet	1045	POET
Buck-1949-1108-973	18.72	harlot	1610	PROSTITUTE
Buck-1949-1108-974	19.11	country (“European coun­tries”)	1300	COUNTRY
Buck-1949-1108-975	19.12	country (one’s native)	89	NATIVE COUNTRY
Buck-1949-1108-976	19.13	country (vs. town)	3200	COUNTRYSIDE
Buck-1949-1108-977	19.14	region; territory		
Buck-1949-1108-978	19.15	city; town	1391	TOWN
Buck-1949-1108-979	19.16	village	930	VILLAGE
Buck-1949-1108-980	19.17	boundary	1010	BOUNDARY
Buck-1949-1108-981	19.21	people (populace)	789	PEOPLE
Buck-1949-1108-982	19.22	nation; people (= nation)	789	PEOPLE
Buck-1949-1108-983	19.23	clan; family; gens; tribe	302	CLAN
Buck-1949-1108-984	19.31	govern; rule	1846	RULE
Buck-1949-1108-985	19.32	king	1508	KING
Buck-1949-1108-986	19.33	queen	1306	QUEEN
Buck-1949-1108-987	19.34	emperor	1508	KING
Buck-1949-1108-988	19.35	prince	2554	PRINCE (RULER)
Buck-1949-1108-989	19.352	count (title)		
Buck-1949-1108-990	19.36	noble (sb.), nobleman	482	NOBLE
Buck-1949-1108-991	19.37	citizen	1032	CITIZEN
Buck-1949-1108-992	19.38	subject (sb.)		
Buck-1949-1108-993	19.41	lord, Lord; master	383	MASTER
Buck-1949-1108-994	19.42	slave	812	SLAVE
Buck-1949-1108-995	19.43	servant	255	SERVANT
Buck-1949-1108-996	19.44	free (adj.)	384	FREEMAN
Buck-1949-1108-997	19.45	command (vb.); order (vb.)	1128	ORDER
Buck-1949-1108-998	19.46	obey	1635	OBEY
Buck-1949-1108-999	19.47	allow; let (= permit); permit	3237	ALLOW OR PERMIT
Buck-1949-1108-1000	19.48	compel		
Buck-1949-1108-1001	19.51	friend	1325	FRIEND
Buck-1949-1108-1002	19.52	enemy; foe	1358	ENEMY
Buck-1949-1108-1003	19.53	companion		
Buck-1949-1108-1004	19.54	neighbor	1332	NEIGHBOUR
Buck-1949-1108-1005	19.55	stranger	791	STRANGER
Buck-1949-1108-1006	19.56	guest	1782	GUEST
Buck-1949-1108-1007	19.57	host	1545	HOST
Buck-1949-1108-1008	19.58	aid (vb.); help	1897	HELP
Buck-1949-1108-1009	19.59	hinder; prevent	3201	HINDER OR PREVENT
Buck-1949-1108-1010	19.61	custom	1747	CUSTOM
Buck-1949-1108-1011	19.62	quarrel; strife	1848	QUARREL
Buck-1949-1108-1012	19.63	conspiracy; plot	2024	PLOT
Buck-1949-1108-1013	19.64	common	102	COMMON COLD (DISEASE)
Buck-1949-1108-1014	19.65	meet	1831	MEET
Buck-1949-1108-1015	19.72	prostitute; whore	1610	PROSTITUTE
Buck-1949-1108-1016	20.11	fight (vb.)	1423	FIGHT
Buck-1949-1108-1017	20.12	battle (sb.)	579	BATTLE
Buck-1949-1108-1018	20.13	war	935	WAR
Buck-1949-1108-1019	20.14	peace	1338	PEACE
Buck-1949-1108-1020	20.15	army	1561	ARMY
Buck-1949-1108-1021	20.16	fleet; navy		
Buck-1949-1108-1022	20.17	soldier	1941	SOLDIER
Buck-1949-1108-1023	20.19	admiral		
Buck-1949-1108-1024	20.21	arms; weapons	951	WEAPONS
Buck-1949-1108-1025	20.22	club	1763	CLUB
Buck-1949-1108-1026	20.222	battle-ax	386	BATTLE-AXE
Buck-1949-1108-1027	20.23	sling (sb., weapon)	387	SLING
Buck-1949-1108-1028	20.24	bow (sb.)	994	BOW
Buck-1949-1108-1029	20.25	arrow	977	ARROW
Buck-1949-1108-1030	20.26	spear (sb.)	945	SPEAR
Buck-1949-1108-1031	20.27	sword	1535	SWORD
Buck-1949-1108-1032	20.28	cannon; gun	3203	CANNON OR GUN
Buck-1949-1108-1033	20.31	armor	1061	ARMOUR
Buck-1949-1108-1034	20.32	breastplate; corslet	2552	HARNESS (ARMOUR)
Buck-1949-1108-1035	20.33	helmet	1680	HELMET
Buck-1949-1108-1036	20.34	shield (sb.)	1064	SHIELD
Buck-1949-1108-1037	20.35	fortress	1938	FORTRESS
Buck-1949-1108-1038	20.41	victory	783	VICTORY
Buck-1949-1108-1039	20.42	defeat (sb.)	782	DEFEAT
Buck-1949-1108-1040	20.43	attack (sb.)	722	ATTACK
Buck-1949-1108-1041	20.44	defense	1330	DEFEND
Buck-1949-1108-1042	20.45	retreat (sb.)	421	RETREAT
Buck-1949-1108-1043	20.46	surrender (vb.)	1696	SURRENDER
Buck-1949-1108-1044	20.47	captive; prisoner (of war)	1072	PRISONER
Buck-1949-1108-1045	20.48	booty; spoil (sb.)	1022	BOOTY
Buck-1949-1108-1046	20.49	ambush (sb.)	65	AMBUSH
Buck-1949-1108-1047	21.12	law (special)	1062	LAW
Buck-1949-1108-1048	21.13	lawsuit		
Buck-1949-1108-1049	21.14	lawyer		
Buck-1949-1108-1050	21.15	court (of law)	1068	COURT
Buck-1949-1108-1051	21.16	judge (vb.)	1818	ADJUDICATE
Buck-1949-1108-1052	21.162	decide	685	DECIDE
Buck-1949-1108-1053	21.17	judgment	1067	JUDGMENT
Buck-1949-1108-1054	21.18	judge (sb.)	861	JUDGE
Buck-1949-1108-1055	21.21	plaintiff	2020	PLAINTIFF
Buck-1949-1108-1056	21.22	defendant	1034	DEFENDANT
Buck-1949-1108-1057	21.23	witness (sb.)	1144	WITNESS
Buck-1949-1108-1058	21.24	swear (take oath)	1939	SWEAR
Buck-1949-1108-1059	21.25	oath	1712	OATH
Buck-1949-1108-1060	21.31	accuse	1814	ACCUSE
Buck-1949-1108-1061	21.32	condemn	484	CONDEMN
Buck-1949-1108-1062	21.33	convict	983	CONVICT
Buck-1949-1108-1063	21.34	acquit	988	ACQUIT
Buck-1949-1108-1064	21.35	guilty	1682	GUILTY
Buck-1949-1108-1065	21.36	innocent	90	INNOCENT
Buck-1949-1108-1066	21.37	penalty; punish; punishment	390	PUNISHMENT
Buck-1949-1108-1067	21.38	fine (sb.)	218	FINE (PENALTY)
Buck-1949-1108-1068	21.39	prison	1281	PRISON
Buck-1949-1108-1069	21.41	crime	1066	CRIME
Buck-1949-1108-1070	21.42	murder	845	MURDER
Buck-1949-1108-1071	21.43	adultery	902	ADULTERY
Buck-1949-1108-1072	21.44	rape (sb.)	953	RAPE
Buck-1949-1108-1073	21.45	theft		
Buck-1949-1108-1074	21.46	arson	1889	ARSON
Buck-1949-1108-1075	21.47	perjury	1792	PERJURY
Buck-1949-1108-1076	22.11	religion	661	RELIGION
Buck-1949-1108-1077	22.12	god	3231	DEITY
Buck-1949-1108-1078	22.13	temple	911	TEMPLE
Buck-1949-1108-1079	22.14	altar	853	ALTAR
Buck-1949-1108-1080	22.15	offering; sacrifice (sb.)	1103	SACRIFICE
Buck-1949-1108-1081	22.16	worship	257	WORSHIP
Buck-1949-1108-1082	22.17	pray	24	PRAY
Buck-1949-1108-1083	22.18	priest	852	PRIEST
Buck-1949-1108-1084	22.182	clergyman; minister (sb., eccl.); parson	486	MINISTER
Buck-1949-1108-1085	22.183	monk		
Buck-1949-1108-1086	22.184	nun		
Buck-1949-1108-1087	22.19	holy; sacred	1702	HOLY
Buck-1949-1108-1088	22.21	church	1349	CHURCH
Buck-1949-1108-1089	22.22	preach	304	PREACH
Buck-1949-1108-1090	22.23	bless	391	BLESS
Buck-1949-1108-1091	22.24	curse (vb.)	8	CURSE
Buck-1949-1108-1092	22.25	baptize		
Buck-1949-1108-1093	22.26	fast (vb., religious)	303	ABSTAIN FROM FOOD
Buck-1949-1108-1094	22.31	heaven	1565	HEAVEN
Buck-1949-1108-1095	22.32	hell	878	HELL
Buck-1949-1108-1096	22.33	angel		
Buck-1949-1108-1097	22.34	devil	1973	DEMON
Buck-1949-1108-1098	22.35	demon; evil spirit	1973	DEMON
Buck-1949-1108-1099	22.36	heathen; pagan (sb.)		
Buck-1949-1108-1100	22.37	idol	3205	GRAVEN IMAGE
Buck-1949-1108-1101	22.41	superstition		
Buck-1949-1108-1102	22.42	magic (sb.); sorcery; witchcraft	392	MAGIC
Buck-1949-1108-1103	22.43	sorceress; witch	2137	MAGICIAN
Buck-1949-1108-1104	22.44	fairy	3206	ELF OR FAIRY
Buck-1949-1108-1105	22.45	ghost; phantom; specter	1175	GHOST
Buck-1949-1108-1106	22.46	spirit (guardian spirit)		
Buck-1949-1108-1107	22.47	omen	107	OMEN
Buck-1949-1108-1108	25.11	law (general)	1062	LAW
