ID	GLOSS	PRIORITY
2489	ABACUS///Ábaco	1
303	ABSTAIN FROM FOOD///ayunar	1
2603	ACCORDION///Acordeón	1
1814	ACCUSE///acusar, denunciar	1
349	ACHIOTE///achiote, bija	1
968	ACORN///bellota	1
988	ACQUIT///absolver, exculpar	1
802	ADAM'S APPLE///nuez de la garganta	1
1818	ADJUDICATE///juzgar	1
2022	ADMIT///admitir, confesar, reconocer	1
901	ADOBE///adobe	1
902	ADULTERY///adulterio	1
290	ADZE///azuela	1
1685	AFTER///después	1
1807	AFTERNOON///tarde	1
204	AGAIN///otra vez	1
1789	AGE///edad	1
313	AGOUTI///agutí	1
27	AIR///aire	1
1597	AIRPLANE///avión	1
404	ALCOHOL (FERMENTED DRINK)///bebida fermentada	1
98	ALL///cada uno, todo	1
98	ALL///todos	2
853	ALTAR///altar	1
1676	ALWAYS///siempre	1
65	AMBUSH///acechar, emboscar	1
896	ANACONDA (WATER BOA)///mapana	1
1669	ANCESTORS///antepasados	1
1870	ANCHOR///ancla	1
1577	AND///y	1
82	ANGER///enojo	1
619	ANIMAL///animal	1
803	ANKLE///tobillo	1
9	ANNOUNCE///anunciar, avisar	1
1275	ANSWER///contestar	1
587	ANT///hormiga	3
181	ANTEATER///oso hormiguero	1
1648	ANVIL///yunque	1
1000	ANXIETY///ansiedad, angustia	1
1320	APPLE///manzana	1
1778	APPROACH///acercarse	1
876	ARCH///arco	1
1673	ARM///brazo	2
1885	ARMADILLO///armadillo, quinquincho, chupa	1
1061	ARMOUR///armadura	1
1886	ARMPIT///sobaco, axila	1
1561	ARMY///ejército, tropas	1
1387	ARRIVE///llegar, alcanzar	1
977	ARROW///flecha	2
1889	ARSON///incendio premeditado	1
646	ASH///ceniza	3
646	ASH///cenizas	1
1309	ASK (INQUIRE)///preguntar	1
1828	ASK (REQUEST)///pedir	1
1828	ASK (REQUEST)///suplicar	1
722	ATTACK///atacar	1
1272	AUNT///tía	1
1276	AUTUMN///otoño	1
278	AWL///punzón	1
677	AXE///hacha	3
1769	AXLE///eje	1
1289	BABY///criatura	1
1289	BABY///niño, bebé, nene	1
1291	BACK///espalda	3
56	BAD LUCK///mala suerte	1
1292	BAD///malo	2
2013	BAIT///cebo, carnada	1
183	BAKE///hornear	1
1125	BALD///calvo	1
1845	BALL///pelota	1
1845	BALL///pelota, esfera, globo	1
3083	BALLOON///globo	1
1927	BAMBOO///bambú	1
868	BANANA///plátano	1
868	BANANA///plátano, banano	1
276	BANISTERIUM///ajahuasca, jajé	1
346	BANYAN///baniano	1
1204	BARK///corteza	3
1206	BARKING///ladrar	1
932	BARLEY///cebada	1
2548	BARREL///barril	1
1539	BASKET///cesta	1
1539	BASKET///cesto, canasto, canasta	1
1793	BAT///murciélago	2
138	BATHE///bañar(se)	1
138	BATHE///bañarse	1
662	BATTERY///pila	1
386	BATTLE-AXE///hacha de combate	1
579	BATTLE///guerra, batalla	1
663	BAY///golfo, bahía	1
1422	BE ALIVE///vivir	1
1422	BE ALIVE///vivir, vivo, vida	1
1422	BE ALIVE///vivo	1
1090	BE BORN///nacer	1
425	BE LATE///demorar, retrasar	1
48	BE SILENT///callarse	1
1860	BEAD///chaquira, abalorio	1
73	BEAK///pico	1
1132	BEAM///viga	1
832	BEAN///frijol, poroto	1
1820	BEAR///oso	2
678	BEARD///barba	2
1427	BEAUTIFUL///hermoso, bonito	1
1157	BECAUSE///porque	1
1663	BED///cama	2
1663	BED///catre, cama de barbacoa	1
665	BEE///abeja	2
1950	BEECH///haya	1
88	BEEHIVE///colmena	1
1639	BEER///cerveza	1
1931	BEESWAX///cera de abeja	1
1882	BEFORE///delante, antes de	1
1152	BEGET///engendrar	1
1934	BEGGAR///mendigo	1
1806	BEGIN///empezar, comienzo, inicio	1
1686	BEHIND///atrás, detrás	1
1890	BELIEVE///creer	1
2246	BELL///campana	1
1251	BELLY///Estomago	1
1251	BELLY///barriga	3
1485	BELOW OR UNDER///debajo	1
772	BELT///cinturón	1
772	BELT///cinturón, faja	1
2004	BEND///encorvar, doblar	1
1816	BESIDE///al lado de	1
1902	BETRAY///traicionar	1
731	BEVERAGE///bebida	1
747	BICYCLE///bicicleta	1
1202	BIG///grande	4
1081	BILL///calcul, cuenta	1
1855	BIRCH///abedul	1
937	BIRD///Ave	1
937	BIRD///pájaro	4
937	BIRD///pájaro, ave	1
1403	BITE///morder	5
887	BITTER///amargo	1
163	BLACK///Negro	1
163	BLACK///negro	4
3084	BLACKBOARD///pizarra	1
1001	BLACKSMITH///herrero	1
381	BLAME///culpa, censura	1
806	BLANKET///frazada, cobija	1
391	BLESS///bendecir	1
1653	BLIND///ciego	1
1655	BLINK///guiñar un ojo	1
1655	BLINK///parpadear	1
1584	BLISTER///ampolla	1
525	BLOOD VESSEL///vena, arteria	1
946	BLOOD///sangre	4
175	BLOW (OF WIND)///soplar	2
176	BLOW (WITH MOUTH)///soplar	1
432	BLOWGUN///cerbatana	1
837	BLUE///azul	1
379	BLUNT///embotado	1
379	BLUNT///romo, embotado	1
1348	BOAR///jabalí	1
1227	BOARD///tabla	1
101	BOAST///jactarse	1
1844	BOAT///bote	1
1480	BODY///cuerpo	1
792	BOIL (OF LIQUID)///hervir	1
793	BOIL (OF SKIN)///furúnculo, forúnculo	1
2493	BOIL///hervir	1
2007	BOLT (OF LIGHTNING)///rayo	1
1394	BONE///Hueso	1
1394	BONE///hueso	5
963	BOOK///libro	1
585	BOOT///bota	2
1022	BOOTY///botín	1
1501	BORE///perforar	1
1501	BORE///taladrar	1
1823	BORROW///pedir prestado	1
1321	BOTTLE///botella	1
690	BOTTOM///fondo	1
1010	BOUNDARY///límite, frontera	1
994	BOW///arco	2
1530	BOWL///tazón	1
3108	BOX (SOMEBODY OR SOMETHING)///boxear	1
1366	BOY///muchacho	1
1754	BRACELET///brazalete, pulsera	1
70	BRACKISH///salobre	1
1583	BRAIN///cerebro, sesos	1
1531	BRANCH///rama	2
2136	BRASS INSTRUMENT (HORN OR TRUMPET)///trompeta, trompa	1
3	BRAVE///valiente	1
1368	BREAD///pan	2
680	BREAK (DESTROY OR GET DESTROYED)///explotar	1
680	BREAK (DESTROY OR GET DESTROYED)///quebrar	1
1322	BREAKFAST///desayuno	1
1402	BREAST///seno	2
1402	BREAST///senos	1
1402	BREAST///teta, seno, pecho	1
1407	BREATHE///respirar, aliento	1
1006	BRICK///ladrillo	1
1011	BRIDGE///puente	1
679	BRIGHT///brillante, resplandor	1
692	BRING///traer	1
588	BROKEN///quebrado	1
245	BROOM///Escoba	1
245	BROOM///escoba	2
559	BROTHER (OF MAN)///hermano (del varón)	1
560	BROTHER (OF WOMAN)///hermano (de la mujer)	1
1262	BROTHER///hermano	1
1148	BRUISE///cardenal, magulladura	1
3109	BRUSH (TEETH)///lavarse los dientes	1
1821	BRUSH///cepillo	2
1840	BUILD///construir	1
1840	BUILD///edificar	1
1008	BULL///toro	1
1966	BUNCH///racimo	1
141	BURN (SOMETHING)///quemar	1
141	BURN (SOMETHING)///quemar, quemarse	1
1428	BURNING///arder	3
1719	BURY///sepultar	1
1070	BUS///autobus	1
1683	BUSH///monte	1
1245	BUTTER///mantequilla, manteca	1
1791	BUTTERFLY///mariposa	2
834	BUTTOCKS///nalgas, trasero	1
757	BUTTON///botón	2
1869	BUY///comprar	1
1865	BUZZARD///gallinazo	1
2438	CAIMAN///caimán	1
498	CALF OF LEG///pantorrilla	1
1989	CALF///becerro, ternero	1
180	CALL BY NAME///llamarse	1
1084	CALL///llamar	1
258	CALM///calma	1
1871	CAMEL///camello	1
1273	CANDLE///vela	2
1970	CANOE///canoa	2
1288	CAP///gorro	1
1662	CAPE///punta	1
314	CAPYBARA///chigüiro, ronsoco	1
1111	CAR///coche	1
1042	CARPENTER///carpintero	1
3085	CARROT///zanahoria	1
412	CARRY IN HAND///llevar en la mano	1
414	CARRY ON HEAD///llevar sobre la cabeza	1
413	CARRY ON SHOULDER///llevar a la espalda/ en el hombro	1
415	CARRY UNDER ARM///llevar bajo el brazo	1
700	CARRY///llevar	1
700	CARRY///llevar, cargar	1
122	CART///carro, carretón	1
228	CARVE///esculpir	1
228	CARVE///tallar	1
925	CASSAVA///mandioca, yuca	1
925	CASSAVA///yuca	1
211	CAST///fundir	1
1208	CAT///gato	3
702	CATCH///coger	1
1153	CATTLE///ganado	1
860	CAUSE///causar	1
1155	CAVE///cueva	1
1928	CEASE///terminar, detenerse	1
439	CEBUS MONKEY///capuchín, machín	1
1974	CENTIPEDE///ciempiés	1
509	CERTAIN///seguro	1
1627	CHAIN///cadena	2
1476	CHAIR///silla	2
1264	CHANGE///cambiar	1
1188	CHARCOAL///carbón	2
1887	CHEAP///barato	1
1730	CHEEK///mejilla	1
1569	CHEESE///queso	2
1592	CHEST///pecho	2
321	CHEW///masticar	1
441	CHICHA///chicha, masato	1
1318	CHICKEN///pollo	1
301	CHIEFTAIN///cacique, curaca, capitán	1
301	CHIEFTAIN///jefe, cacique	1
438	CHIGGOE (JIGGER FLEA)///nigua, pigue	1
1801	CHILD (DESCENDANT)///hijo, hija	1
1304	CHILD (YOUNG HUMAN)///niño	2
919	CHILI PEPPER///ají	2
1305	CHIMNEY///chimenea	1
1510	CHIN///mentón	1
1510	CHIN///mentón, barbilla	1
1979	CHISEL///escoplo, cincel	1
129	CHOKE///sofocar	1
440	CHONTA PALM///chonta	1
1750	CHOOSE///escoger, elegir	1
155	CHOP///tajar, picar	1
1467	CIRCLE///círculo	1
1032	CITIZEN///ciudadano, súbdito	1
1126	CITRUS FRUIT///cítrico	1
302	CLAN///tribu, clan	1
3110	CLAP///aplaudir	1
2128	CLAW OR NAIL///uña, garra	1
72	CLAW///garra	1
1399	CLAY///barro, arcilla	1
2235	CLEAN (SOMETHING)///limpiar	1
704	CLEAN///limpio	1
989	CLEAR///claro	1
1310	CLEVER///hábil, capaz	1
1102	CLIMB///subir	1
1102	CLIMB///trepar	1
326	CLOAK///capa	1
1323	CLOCK///reloj	2
1616	CLOTH///bufanda	1
1616	CLOTH///tela	1
1895	CLOTHES///chaleco	1
1895	CLOTHES///jersey	1
1895	CLOTHES///ropa	1
1489	CLOUD///Nube	1
1489	CLOUD///nube	4
1489	CLOUD///nubes quietas	1
1763	CLUB///macana, garrote	1
1763	CLUB///porra, macana	1
603	COAT///abrigo, saco	1
137	COCA///coca	1
1575	COCKROACH///cucaracha	1
970	COCONUT///coco	1
1867	COIN///moneda	1
1287	COLD///fría	1
1287	COLD///frío	3
2012	COLLAR///cuello	1
1994	COLLARBONE///clavícula	1
435	COLLARED PECCARY///saíno	1
1613	COLOR///color	1
2070	COMB (VERB)///peinar	1
1475	COMB///peine	2
581	COME BACK///volver, regresar	1
1446	COME///ven	1
1446	COME///venir	4
102	COMMON COLD (DISEASE)///catarro	1
2606	COMPASS///CompÁs	1
3086	COMPUTER///ordenador	1
1087	CONCEIVE///concebir	1
484	CONDEMN///condenar	1
3111	CONDUCT///dirigir	1
983	CONVICT///inculpar, condenar	1
1100	COOK (SOMETHING)///cocinar	2
269	COOKED///cocido, cocinado	1
334	COOKHOUSE///cocina (lugar)	1
1825	COPPER///cobre, bronce	1
2240	CORAL SNAKE///coral	1
449	CORN FIELD///sementera de maíz	1
192	CORNER///esquina, rincón	1
767	CORPSE///cadáver	1
1725	CORRECT (RIGHT)///correcto	2
1850	COTTON///algodón	2
879	COUGH///toser	1
1420	COUNT///contar	1
1300	COUNTRY///país	1
1068	COURT///tribunal	1
1643	COUSIN///primo/prima	1
761	COVER///cubrir	1
1007	COW///vaca	2
96	CRAWL///gatear	2
1857	CROCODILE///cocodrilo	1
1857	CROCODILE///cocodrilo, caimán	1
297	CROOKED///torcido	1
1367	CROSS///cruz	1
296	CROUCH///agacharse, ponerse en cuclillas	1
913	CROW///cuervo	1
2023	CROWD///multitud	1
1943	CROWN (OF HEAD)///corona	1
1839	CRY///llorar	3
496	CUCUMBER///pepino	1
1541	CULTIVATE///cultivar, labrar	1
476	CUP///taza, copa	1
315	CURASSOW///payo	1
499	CURE///sanar, curar	1
8	CURSE///maldecir	1
450	CUSHMA///cushma	1
1747	CUSTOM///costumbre	1
355	CUT DOWN///tumbar, talar	1
1432	CUT///cortar	3
1879	DANCE///bailar	2
576	DANDRUFF///caspa	1
1810	DANGER///peligro	1
1779	DARE///osar, atreverse	1
706	DARK///oscuro	2
11	DARKNESS///oscuridad, tinieblas	1
2265	DAUGHTER-IN-LAW (OF MAN)///nuera (de hombre)	1
2264	DAUGHTER-IN-LAW (OF WOMAN)///nuera (de mujer)	1
1357	DAUGHTER///hija	1
729	DAWN///madrugada	1
1225	DAY (NOT NIGHT)///día	3
1179	DAY AFTER TOMORROW///pasado mañana	1
1180	DAY BEFORE YESTERDAY///anteayer	1
996	DEAF///sordo	1
1914	DEBT///deuda	1
13	DECEIT///engaño	1
1593	DEEP///profundo, hondo	1
1936	DEER///venado	1
1936	DEER///venado, ciervo/a	1
782	DEFEAT///derrota	1
1330	DEFEND///defender	1
1034	DEFENDANT///acusado	1
1973	DEMON///demonio	1
755	DENY///negar	1
490	DESCENDANTS///descendientes	1
681	DESTROY///destruir	1
1977	DEW///rocío	1
1494	DIE///morir	3
1494	DIE///morir, muerto	1
584	DIFFICULT///difícil	1
1418	DIG///cavar	2
1418	DIG///excavar, cavar	1
1833	DINNER (SUPPER)///cena	1
1833	DINNER (SUPPER)///comida	1
1230	DIRTY///sucio	2
485	DISAPPEAR///desaparecer	1
481	DISH///plato, fuente	1
2002	DITCH///zanja	1
119	DIVE///tirarse al agua	1
119	DIVE///zambullirse	1
1119	DIVIDE///dividir	1
1134	DIVORCE///divorcio	1
2575	DO OR MAKE///hacer	1
2009	DOG///Perro	1
2009	DOG///perro	5
1659	DOLL///muñeca	1
1479	DOLPHIN///delfín	1
1862	DONKEY///asno, burro	1
1567	DOOR///puerta	3
80	DOORPOST///jamba de puerta, larguero	1
1308	DOUBT///dudar	1
273	DOUGH///masa	1
1853	DOVE///paloma	1
2094	DOWN OR BELOW///abajo, bajo	1
1326	DOWN///abajo	1
2030	DRAG///arrastrar	1
93	DRAW MILK///ordeñar	2
1920	DREAM (SOMETHING)///soñar	1
474	DRESS///vestido	2
268	DRIBBLE///gotear, babear	1
1401	DRINK///Beber	1
1401	DRINK///bebe	1
1401	DRINK///beber	4
1401	DRINK///tomar, beber	1
2253	DRIP (EMIT LIQUID)///gotear	1
2253	DRIP (EMIT LIQUID)///gotear, escurrir	1
808	DRIP (FALL IN GLOBULES)///dejar caer	1
741	DRIVE///conducir	2
1904	DROWN///ahogado	1
1904	DROWN///ahogar	1
908	DRUM///bombo, tambor	1
908	DRUM///tambor	2
1463	DRUNK///ebrio	1
1786	DRY UP///secar	1
1398	DRY///seco	4
1360	DUCK///pato	1
1360	DUCK///pato, ánade	1
2	DUST///polvo	2
363	DWELL (LIVE, RESIDE)///habitar, vivir	1
157	DYE///teñir	1
1905	EAGLE///águila	1
1247	EAR///Oreja	1
1247	EAR///oreja	5
18	EARLOBE///lóbulo (de oreja)	1
672	EARLY///temprano	1
733	EARN///ganar (dinero)	1
770	EARRING///arete, aro, pendiente	1
1228	EARTH (SOIL)///suelo	1
1228	EARTH (SOIL)///tierra	2
6	EARTHQUAKE///terremoto	1
32	EARWAX///cerumen	1
1877	EAST///este (punto cardinal), levante	1
686	EASY///fácil	1
1336	EAT///Comer	1
1336	EAT///come	1
1336	EAT///comer	5
863	EDGE///borde, orilla, margen	1
744	EGG///Huevo	1
744	EGG///huevo	4
1705	EIGHT///ocho	2
981	ELBOW///codo	3
1290	ELEPHANT///elefante	2
1706	ELEVEN///once	1
67	EMBERS///brasas	1
928	EMBRACE///abrazar	2
1624	EMPTY///vacío	2
742	END (OF SPACE)///final	1
743	END (OF TIME)///fin	1
1358	ENEMY///enemigo	1
1881	ENOUGH///bastante, suficiente	1
749	ENTER///entrar	1
3088	ENVELOPE///sobre	1
40	ENVY///envidia, celos	1
3112	ERUPT///entrar en erupción	1
2596	ESCALATOR///Escalera MecÁnica	1
1629	EVENING///vísperas, noche	1
1345	EWE///oveja	1
1426	EXPENSIVE///caro (costoso)	1
1626	EXPLAIN///explicar	1
127	EXTINGUISH///apagar	2
1248	EYE///Ojo	1
1248	EYE///ojo	5
1173	EYEBROW///ceja	1
1540	EYELASH///pestaña	1
17	EYELID///párpado	1
1560	FACE///cara	2
100	FAITHFUL///fiel	1
1280	FALL///caer	3
194	FAMILY///familia	1
199	FAMINE///hambre	1
1971	FAN (OBJECT)///abanico	1
360	FAN ACTION///abanicar, aventar	1
1406	FAR///lejos	3
979	FARMER///labrador, ranchero	1
1159	FART///ventosear, flato	1
1631	FAST///rápido	1
1282	FAT (FROM ANIMALS)///grasa	1
323	FAT (ORGANIC SUBSTANCE)///grasa	3
1985	FATHER'S BROTHER///hermano del padre	1
170	FATHER'S SISTER///hermana del padre	1
2255	FATHER-IN-LAW (OF MAN)///suegro (de hombre)	1
2254	FATHER-IN-LAW (OF WOMAN)///suegro (de mujer)	1
1217	FATHER///padre	2
81	FATHOM///braza (medida)	1
134	FAULT///culpa	1
1419	FEAR (BE AFRAID)///temer	1
781	FEAR (FRIGHT)///miedo	1
1201	FEATHER///Pluma	1
1201	FEATHER///pluma	4
739	FEED///alimentar	1
1079	FEEL///sentir	1
325	FELT///fieltro	1
2262	FEMALE (OF ANIMAL)///femenino, hembra	1
1551	FEMALE///hembra	1
1690	FENCE///cerca, cerco	1
1534	FEVER///fiebre	1
1242	FEW///poco	2
212	FIELD///campo (de cultivo), chacra	1
1709	FIFTEEN///quince	1
322	FIG///higo	1
1423	FIGHT///pelear	2
3113	FILE (SOMETHING)///archivar	1
213	FIN///aleta	1
719	FIND///encontrar, hallar	1
218	FINE (PENALTY)///multa	1
1303	FINGER///dedo	1
1303	FINGER///dedo de la mano	1
1258	FINGERNAIL///garra/uña	1
1258	FINGERNAIL///uña	3
1766	FINISH///acabar, terminar, finalizar	1
1915	FIR///abeto	1
221	FIRE///Fuego	1
221	FIRE///candela, fuego	1
221	FIRE///fuego	3
206	FIREFLY///luciérnaga	1
185	FIREPLACE///fogón	1
10	FIREWOOD///leña	2
728	FIRST///primero	2
348	FISH POISON///veneno (raíz), barbasco	1
389	FISH TRAP///nasa	1
227	FISH///Pez	1
227	FISH///pescado	2
227	FISH///pez	1
227	FISH///pez, pescado	1
1858	FISHERMAN///pescador	1
1074	FISHHOOK///anzuelo	2
19	FISHING LINE///cuerda de pescar	1
2638	FISHING///pescar	1
388	FISHNET///red	1
388	FISHNET///red, atarraya	1
493	FIVE///cinco	3
2623	FLAG///bandera	1
889	FLAME///llama	1
1633	FLAT///plano	1
232	FLEA///pulga	2
956	FLEE///huir	1
2615	FLESH OR MEAT///carne	2
2259	FLESH///carne	2
1574	FLOAT///flotar	1
1632	FLOOR///suelo	1
1594	FLOUR///harina	1
2003	FLOW///fluir	1
2003	FLOW///fluir, correr	1
239	FLOWER///flor	4
777	FLUTE///flauta	1
1504	FLY (INSECT)///mosca	3
1441	FLY (MOVE THROUGH AIR)///Volar	1
1441	FLY (MOVE THROUGH AIR)///volar	5
1647	FOAL///potro, potrillo	1
1768	FOAM///espuma	1
249	FOG///neblina	1
249	FOG///neblina, niebla	1
1470	FOLD///doblar	1
1085	FOLLOW///seguir	1
256	FOOD///comida	1
256	FOOD///pizza	1
256	FOOD///sandwich	1
1301	FOOT///Pie	1
1301	FOOT///pie	4
318	FOOTPRINT///huella	1
418	FOR A LONG TIME///por mucho tiempo	1
83	FORBID///prohibir	1
123	FOREHEAD///frente	2
123	FOREHEAD///frente (la)	1
420	FOREST///selva	1
288	FORGE///fragua	1
1523	FORGET///olvidar	1
1528	FORGIVE///perdonar	1
1302	FORK///tenedor	2
409	FORKED BRANCH///rama bifurcada	1
1938	FORTRESS///fortaleza, castillo	1
1500	FOUR///cuatro	3
265	FOWL///ave (de corral)	1
1312	FOX///zorro	2
376	FRAGRANT///fragante, bien oliente	1
384	FREEMAN///hombre libre	1
1431	FREEZE///helarse	1
1013	FRESHWATER EEL///anguila de agua dulce	1
1692	FRIDAY///viernes	1
1325	FRIEND///amigo, compañero	1
503	FROG///rana	2
442	FRONT TOOTH (INCISOR)///dientes delanteros incisivos	1
1507	FRUIT///fruta	2
991	FRY///freir	1
1429	FULL///lleno	4
580	FUR///piel (de animal)	1
580	FUR///piel peluda	1
1794	FURROW///surco	1
403	GARDEN-HOUSE///casa de huerta, granja	1
586	GARDEN///jardín, huerto	1
2940	GATE///puerta	1
7	GATHER///recoger, reunir	1
1996	GET TIRED///cansar(se)	1
694	GET///obtener	1
1175	GHOST///fantasma	1
1916	GILL///agalla	1
3089	GIRAFFE///jirafa	1
1646	GIRL///muchacha	1
85	GIVE BACK///devolver	1
1447	GIVE///dar	4
604	GLASS///vaso	1
604	GLASS///vidrio	1
2292	GLASSES///gafas	1
867	GLOVE///guante	1
1069	GLUE///cola, adhesivo (pegar)	1
1069	GLUE///pegar	1
2014	GO DOWN (DESCEND)///bajar	1
1107	GO OUT///salir	1
705	GO UP (ASCEND)///subir	1
695	GO///ir	2
695	GO///vaya, ve	1
1502	GOAT///cabra	2
1944	GOD///Dios	1
1957	GOITER///bocio, coto	1
1369	GOLD///oro	2
720	GOOD LUCK///buena suerte	1
1035	GOOD///bueno	3
1187	GOOSE///ganso	1
411	GOURD///calabaza	1
411	GOURD///calabazo poro	1
605	GRAIN///grano	1
1619	GRANDDAUGHTER///nieta	1
1383	GRANDFATHER///abuelo	1
1496	GRANDMOTHER///abuela	1
1618	GRANDSON///nieto	1
920	GRAPE///uva	1
2021	GRASP///agarrar, empuñar, coger, asir	1
328	GRASS-SKIRT///falda de hierbas	1
606	GRASS///hierba	1
606	GRASS///hierba, pasto	2
607	GRASSHOPPER///saltamontes	1
3114	GRATE (SOMETHING)///rallar	1
1773	GRAVE///sepulcro	1
2018	GREEDY///codicioso, voraz	1
1425	GREEN///Verde	1
1425	GREEN///verde	3
1425	GREEN///verde (color)	1
1668	GRIEF///tristeza, dolor, pena	1
1033	GRIND///aplastar, moler	1
716	GROAN///gemir	1
479	GROW///crecer	1
437	GUAN///pava de monte	1
1940	GUARD///guardia, centinela	1
1932	GUESS///adivinar, acertar	1
1782	GUEST///huésped	1
1682	GUILTY///culpable	1
3090	GUITAR///guitarra	1
139	GUMS///encías	1
1566	GUN///escopeta, cañón	1
1566	GUN///pistola	1
189	HAIR (BODY)///el pelo del cuerpo	1
189	HAIR (BODY)///vello (del cuerpo)	1
2648	HAIR (HEAD)///cabello	2
2648	HAIR (HEAD)///cabello, pelo	2
816	HALF///mitad	1
3115	HAMMER (SOMETHING)///clavar	1
1481	HAMMER///martillo	1
2019	HAMMOCK///hamaca	1
1277	HAND///mano	4
357	HANG UP///colgar	1
1495	HAPPY///alegre, contento	1
1495	HAPPY///feliz, alegre	1
1884	HARD///duro	1
611	HARVEST///cosecha, siega	1
771	HAT///sombrero	1
3116	HATCH (OUT)///eclosionar	1
1607	HATE///odiar	1
1785	HAVE SEX///tener relaciones sexuales	1
773	HAVE///tener	1
307	HAWK///gavilán, halcón	1
342	HAY///heno, paja	1
262	HE OR SHE OR IT///él/ella/ello	1
264	HE-GOAT///chivo, macho cabrío	1
1211	HE///él	1
1256	HEAD///cabeza	4
330	HEADBAND///cinta (para la cabeza), tocado	1
2130	HEADGEAR///sombrero, gorro	1
1364	HEALTHY///sano, salud	1
1408	HEAR///Oir	1
1408	HEAR///oír	4
1223	HEART///corazón	5
1565	HEAVEN///cielo, paraíso	1
1210	HEAVY///pesado	3
980	HEEL///talón	1
2580	HELICOPTER///helicóptero	1
878	HELL///infierno	1
1680	HELMET///yelmo	1
1897	HELP///ayudar	1
1514	HEN///gallina	3
263	HERDSMAN///pastor, vaquero	1
136	HERE///aquí	1
758	HERON///garza	1
162	HICCOUGH///tener hipo	1
602	HIDE (CONCEAL)///esconder	1
602	HIDE (CONCEAL)///esconder (algo)	1
613	HIGH TIDE///pleamar	1
1265	HIGH///alto	1
614	HILL///cerro, loma	1
1745	HIP///cadera	1
856	HIRE///alquilar, emplear	1
1433	HIT///golpear	2
3117	HITCHHIKE///hacer autostop	1
284	HOE///azadón, azada	1
1448	HOLD///sostener	1
1448	HOLD///tener (en mano), apoyar	1
1667	HOLE///agujero	1
46	HOLLOW OUT///ahuecar	1
1702	HOLY///sagrado	1
942	HONEY///miel	1
1071	HOOK///gancho	1
1092	HOPE///esperanza	1
1393	HORN (ANATOMY)///cuerno	4
615	HORSE///caballo	2
1545	HOST///huésped, hospedero	1
2272	HOT OR WARM///caliente	1
1286	HOT///caliente	3
1353	HOUR///hora	1
1252	HOUSE///casa	3
822	HOW MANY///¿cuántos?	1
531	HOW MUCH///¿cuánto?	1
1239	HOW///como	1
1239	HOW///¿cómo?	1
526	HOWL///aullar	1
433	HOWLER MONKEY///mono aullador	1
1589	HUMMINGBIRD///picaflor, colibrí	1
1634	HUNDRED///ciento, cien	1
1864	HUNGER///hambre	1
1435	HUNT///cazar	2
754	HURRY///apurarse, darse prisa	1
1200	HUSBAND///esposo	1
1200	HUSBAND///marido, esposo	2
1678	HUT///cabaña, choza	1
1678	HUT///rancho	1
1209	I///yo	3
617	ICE///hielo	2
1609	IDEA///idea, concepto	1
1945	IDOL///ídolo	1
1459	IF///si	2
1578	IGUANA///iguana	1
117	IMITATE///imitar	1
1963	IMMEDIATELY///en seguida, inmediatamente	1
1883	IN FRONT OF///delantero, delante	1
1460	IN///en	1
44	INJURE///dañar, herir	1
90	INNOCENT///inocente	1
620	INSECT///insecto	1
1606	INSIDE///adentro, dentro	1
1162	INTENTION///propósito	1
1991	INTESTINES///intestinos	1
1991	INTESTINES///intestĩnos, tripas	1
3118	IRON (CLOTHES)///planchar	1
621	IRON///hierro	1
621	IRON///plancha	1
622	ISLAND///isla	2
169	IT///ello	1
148	ITCH///comezón	1
1250	JAGUAR///tigre	1
798	JAW///mandíbula	1
1029	JEWEL///joya	1
1743	JOIN///juntar	1
861	JUDGE///juez	1
1067	JUDGMENT///juicio	1
270	JUG///cántaro, jarro	1
1829	JUMP///saltar	1
1829	JUMP///saltar, brincar	1
164	KANGAROO///canguro	1
1477	KEEP///conservar, retener	1
854	KETTLE///caldera	1
1472	KEY///llave	2
1135	KICK///chutar	1
1135	KICK///patear	1
1972	KID///cabrito	1
489	KIDNEY///riñón	1
1417	KILL///matar	3
1508	KING///regla	1
1508	KING///rey, gobernante	1
578	KISS///besar	2
274	KNEAD///amasar	1
1371	KNEE///Rodilla	1
1371	KNEE///rodilla	4
66	KNEEL///arrodillarse	1
1352	KNIFE///cuchillo	2
1352	KNIFE///cuchillo (herramienta)	1
1352	KNIFE///cuchillo (para cortar comida)	1
2905	KNIT///tejer	1
2396	KNOCK///picar	1
760	KNOT///nudo	1
1410	KNOW (SOMETHING)///saber	4
1464	LADDER///escalera	2
623	LAGOON///laguna	1
624	LAKE///lago	2
820	LAMB///borrego, cordero	1
320	LAME///lisiado	1
625	LAMP///lámpara	1
1922	LAND (DESCEND)///desembarcar	1
626	LAND///tierra	1
1307	LANGUAGE///lengua, idioma	1
1186	LAST (ENDURE)///durar	1
1529	LAST (FINAL)///último	2
1012	LATCH///cerrojo	1
477	LATE///tarde	1
1355	LAUGH///reir	1
1355	LAUGH///reír	2
1062	LAW///ley	1
1564	LAZY///perezoso	1
627	LEAD (CHEMICAL ELEMENT)///plomo	1
43	LEAD (GUIDE)///guiar	1
2250	LEAF (LEAFLIKE OBJECT)///hoja	1
628	LEAF///Hoja	1
628	LEAF///hoja	4
628	LEAF///hoja de árbol	1
504	LEARN///aprender	1
629	LEATHER///cuero, piel	1
1752	LEAVE///irse, marcharse	1
244	LEFT///izquierda	2
244	LEFT///izquierdo	1
1297	LEG///pierna	3
1297	LEG///pierna, pata	1
2138	LEGENDARY CREATURE///hada, duende	1
3091	LEMON///limón	1
582	LEND///prestar	1
1095	LET GO OR SET FREE///soltar	1
319	LICK///chupar	1
319	LICK///lamer	2
601	LIE (MISLEAD)///mentir	1
1411	LIE (REST)///acostado	1
215	LIE DOWN///Acostarse	1
215	LIE DOWN///acostarse	1
215	LIE DOWN///acostarse, echarse	1
501	LIFT///levantar	1
250	LIGHT (COLOR)///claro	1
737	LIGHT (IGNITE)///encender	2
630	LIGHT (RADIATION)///luz	1
1052	LIGHT (WEIGHT)///liviano, ligero	1
1052	LIGHT (WEIGHT)///liviano, ligero (que pesa poco)	1
3092	LIGHTER///mechero	1
1654	LIGHTNING///relámpago	2
366	LIMP///lisiar	1
1048	LINE///línea	1
916	LINEN///lino	1
1386	LION///león	2
478	LIP///labio	3
3093	LIPSTICK///pintalabios	1
1608	LISTEN///escuchar	2
1224	LIVER///hígado	3
631	LIVESTOCK///ganado	1
632	LIZARD///lagartija	1
1596	LOCK///cerradura, candado	1
444	LONG HAIR///pelo largo	1
1203	LONG///largo	3
1468	LOOK FOR///buscar	2
1819	LOOK///mirar, contemplar	1
1787	LOOM///telar	1
1660	LOSE///perder	1
377	LOUD///alta (voz), ruidoso	1
1392	LOUSE///piojo	4
923	LOVE///querer	1
1026	LOW TIDE///bajamar	1
721	LOW///bajo	1
446	LOWER ARM///antebrazo	1
447	LOWER LEG///la pierna inferior	1
768	LUNCH///almuerzo	1
688	LUNG///pulmones	1
688	LUNG///pulmón	1
1630	MACAW///guacamayo	1
1899	MAD///loco, insano	1
392	MAGIC///brujería, hechicería	1
2137	MAGICIAN///brujo/bruja, hechicero	1
166	MAINLAND///continente	1
506	MAIZE///maíz	2
2261	MALE (OF PERSON)///masculino, macho	1
1553	MALE///varón	1
1553	MALE///varón, macho	1
1554	MAN///hombre	3
1554	MAN///varón, hombre	1
324	MANIOC FLOUR///harina de yuca	1
488	MANNER///modo, manera	1
1198	MANY///mucho	1
1198	MANY///mucho(s)	1
1198	MANY///mucho(s)!!!, harto	1
1198	MANY///muchos	1
938	MARE///yegua	1
633	MARKET///mercado	1
424	MARRIED MAN///hombre casado	1
426	MARRIED WOMAN///mujer casada	1
203	MARRY///casarse	2
2005	MASK///Careta	1
2005	MASK///máscara	1
877	MASON///albañil	1
3119	MASSAGE (SOMEBODY)///hacer un masaje	1
184	MAST///mástil	1
383	MASTER///amo, dueño	1
195	MAT///estera	2
1133	MATCH///cerilla	1
1133	MATCH///fósforo, cerilla	1
941	MEAD///aguamiel	1
1526	MEAL///comida	1
1506	MEASURE///medir	2
634	MEAT///carne	1
1372	MEDICINE///medicina, remedio	1
1831	MEET///encontrar	1
335	MEETING HOUSE///casa de reunión	1
2334	MELT///derretir	1
408	MEN'S HOUSE///casa de hombres	1
1082	MERCHANT///comerciante	1
12	MIDDAY///mediodía	1
1093	MIDDLE///medio, centro	1
635	MILK///leche	2
636	MILL///molino	1
1562	MIND///mente, pensamiento	1
1171	MIRROR///espejo	1
161	MISS (A TARGET)///errar, fallar	1
1293	MISTAKE///equivocación, error	1
2017	MIX///batir	1
2017	MIX///mezclar, mixturar	1
1049	MOLAR TOOTH///molar, muela	1
289	MOLD///moldear, formar	1
1697	MONDAY///lunes	1
1559	MONEY///dinero	1
1350	MONKEY///mono	2
1370	MONTH///mes	1
1313	MOON///Luna	1
1313	MOON///luna	5
3120	MOP (SOMETHING)///fregar	1
1992	MORE///más	1
1339	MORNING///mañana	1
224	MORTAR CRUSHER///argamasa	1
224	MORTAR CRUSHER///mortero	1
1509	MOSQUITO///mosquito	1
1509	MOSQUITO///zancudo	1
1984	MOTHER'S BROTHER///hermano de la madre	1
171	MOTHER'S SISTER///hermana de la madre	1
2257	MOTHER-IN-LAW (OF MAN)///suegra (de mujer)	1
2256	MOTHER-IN-LAW (OF WOMAN)///suegra (de hombre)	1
1216	MOTHER///madre	2
638	MOTORCYCLE///motocicleta	1
2118	MOUNTAIN OR HILL///montaña, loma	1
639	MOUNTAIN///Montaña	1
639	MOUNTAIN///cerro	2
639	MOUNTAIN///montaña	1
1491	MOUSE///ratón	3
674	MOUTH///Boca	1
674	MOUTH///boca	4
765	MOVE///mover	1
190	MOW///segar, cosechar	1
640	MUD///lodo	1
890	MULE///mulo	1
128	MUMBLE///barbotar, hablar entre dientes	1
845	MURDER///asesinar	1
2139	MUROID (MOUSE OR RAT)///ratón, rata	1
641	MUSHROOM///hongo, seta	1
641	MUSHROOM///seta	1
1666	MUTE///mudo	1
502	NAIL (TOOL)///clavo	1
590	NAKED///desnudo	1
1405	NAME///nombre	4
1347	NAPE (OF NECK)///la garganta y cuello	1
1347	NAPE (OF NECK)///nuca	1
1267	NARROW///angosto, estrecho	1
1267	NARROW///estrecho	1
208	NASAL MUCUS (SNOT)///moco	1
89	NATIVE COUNTRY///patria	1
1838	NAVEL///ombligo	3
1942	NEAR///cerca	2
1333	NECK///Cuello	1
1333	NECK///cuello	4
1961	NECKLACE///collar	1
643	NEED (NOUN)///necesidad	1
1382	NEEDLE (FOR SEWING)///aguja	2
1332	NEIGHBOUR///vecino	1
1063	NEPHEW///sobrino	1
539	NEST///nido	2
293	NETBAG///bolsa de malla	1
33	NETTLE///ortiga	1
1656	NEVER///nunca, jamás	1
1231	NEW///nuevo	4
1298	NEWSPAPER///periódico	1
1642	NIECE///sobrina	1
1233	NIGHT///noche	4
1483	NINE///nueve	2
796	NIPPLE///pezón	1
267	NIT///liendre	1
1269	NO///no, negativo	1
482	NOBLE///noble	1
1598	NORTH///norte	1
1221	NOSE///Nariz	1
1221	NOSE///nariz	5
1178	NOSTRIL///ventana de la nariz	1
1240	NOT///no	3
1376	NOW///ahora	1
191	NUT///nuez	1
644	OAK///roble	1
60	OAT///avena	1
1712	OATH///juramento	1
1635	OBEY///obedecer	1
1764	OBSCURE///obscuro	1
645	OCEAN///océano	1
1852	OFTEN///a menudo, frecuentemente	1
1484	OIL (ORGANIC SUBSTANCE)///aceite	1
1926	OINTMENT///ungüento	1
565	OLD (OF MAN)///viejo (varón)	1
566	OLD (OF WOMAN)///vieja (mujer)	1
406	OLD MAN///hombre viejo	1
406	OLD MAN///viejo	1
907	OLD WOMAN///mujer vieja	1
907	OLD WOMAN///viejita	1
1229	OLD///viejo	2
1759	OLDER BROTHER///hermano mayor	1
1758	OLDER SISTER///hermana mayor	1
1154	OLIVE///aceituna, oliva	1
107	OMEN///agüero, presagio	1
1493	ONE///uno	4
2366	ONION///cebolla	1
1580	ONLY///solo, solamente	1
1156	OPEN///abrir	2
3121	OPERATE (MEDICINE)///operar	1
309	OPOSSUM///zarigüeya	1
1014	OR///o	1
2627	ORANGE (FRUIT)///naranja	1
1128	ORDER///mandar	1
917	ORNAMENT///adorno, ornato	1
1149	ORPHAN///huérfano/ huérfana	1
197	OTHER///otro	1
15	OTTER///nutria, perro de agua	1
416	OUTRIGGER///batanga	1
762	OUTSIDE///afuera, fuera, exterior	1
1143	OVEN///horno	1
369	OWE///deber	1
735	OWL///búho	1
735	OWL///lechuza, buho	2
684	OWN///poseer, tener	1
1169	OX///buey	1
316	PACA///paca, guagua, majas	1
3087	PACIFIER///chupete	1
234	PADDLE///remo	1
234	PADDLE///remo corto	1
1783	PAIN///dolor	1
647	PAINT (PIGMENTS)///pintura	1
3122	PAINT (SOMETHING)///pintar	1
3094	PAINTBRUSH///brocha	1
2001	PAINTING///dibujar	1
2001	PAINTING///pintar	1
1888	PAIR///par	1
1183	PALM OF HAND///palma de la mano	1
1181	PALM TREE///palmera	1
31	PAN///cacerola, cazuela	1
31	PAN///sartén	1
648	PAPER///papel	1
886	PARAKEET///perico, pihuicho	1
505	PARENTS///padres	1
882	PARROT///loro	2
779	PART///pedazo	1
649	PASTURE///pradera, potrero	1
2252	PATH///camino	1
2252	PATH///camino, senda	1
2252	PATH///trocha	1
718	PAY///pagar	1
1338	PEACE///paz	1
922	PEAR///pera	1
961	PEBBLES///piedrecillas	1
275	PEEL///pelar	2
794	PEN///bolígrafo	1
794	PEN///pluma	1
2578	PENCIL///lápiz	1
2831	PENGUIN///pingüino	1
1222	PENIS///pene	2
789	PEOPLE///gente	1
789	PEOPLE///pueblo, gente	1
1385	PEPPER///pimienta	1
1792	PERJURY///perjurio	1
1003	PERMIT///permitir, dejar	1
683	PERSON///gente	1
683	PERSON///persona	1
683	PERSON///persona, ser humano	1
2458	PERSPIRE OR SWEAT///sudar	1
225	PESTLE///mano de mortero	1
3123	PHOTOGRAPH (SOMETHING)///hacer una foto	1
597	PHYSICIAN///doctor, médico	1
371	PICK UP///recoger	1
2148	PICK///coger	1
398	PIERCE///punzar	1
1337	PIG///cerdo, puerco	1
1576	PILE UP///amontonar	1
1044	PILLOW///almohada	1
64	PIN///alfiler	1
378	PINCH///pellizcar	2
1740	PINE///pino	1
2440	PINEAPPLE///piña	1
1124	PIPE///pipa	1
317	PIRANHA///caribe	1
592	PISS///orinar	2
337	PITCHFORK///horqueta	1
1141	PITY///compasión, lástima	1
723	PLACE (POSITION)///lugar, sitio	1
652	PLAIN///pampa, llanura, campo	1
2020	PLAINTIFF///demandante	1
1729	PLAIT OR BRAID OR WEAVE///tejer, trenzar	1
333	PLAIT///trenzar	1
1486	PLANT (SOMETHING)///plantar, sembrar	1
653	PLANT (VEGETATION)///planta	1
653	PLANT (VEGETATION)///plantar	1
399	PLANTAIN///plátano	1
480	PLATE///plato	1
3125	PLAY (GAME)///jugar al golf	1
3124	PLAY (INSTRUMENT)///tocar el piano	1
1413	PLAY///jugar	1
2024	PLOT///conspiración	1
1921	PLOUGH///arar	2
1851	POCKET///bolsillo	1
1045	POET///poeta	1
372	POINTED///puntiagudo	1
655	POISON///veneno	1
327	PONCHO///poncho, ruana	1
1674	POOR///pobre	1
610	PORT///puerto	1
3126	POST (SOMETHING)///enviar	1
281	POST///poste	1
3095	POSTMAN///cartero	1
1462	POT///olla	2
593	POTATO///papa	1
359	POTTER///alfarero	1
354	POUND///machacar con el puño	1
1487	POUR///regar	1
1487	POUR///servir	1
1487	POUR///vaciar, verter, derramar	1
1687	PRAISE///exaltar, alabar	1
24	PRAY///orar	1
304	PREACH///predicar	1
618	PRECIPICE///acantilado, barranca	1
1123	PREGNANT///embarazada (mujer), preñada (hembra)	1
1997	PRESERVE///conservar, proteger	1
1913	PRESS///apretar, oprimir	1
1550	PREVENT///impedir, estorbar	1
657	PRICE///precio	1
852	PRIEST///cura, presbítero	1
1281	PRISON///cárcel	1
1072	PRISONER///cautivo, preso	1
1675	PROMISE///prometer	1
1610	PROSTITUTE///prostituta	1
174	PROUD///orgulloso	1
36	PUBIC HAIR///pelo púbico	1
291	PULL OFF (SKIN)///desollar	1
1455	PULL///jalar, halar	1
1455	PULL///tirar	1
1455	PULL///tirar, jalar	1
1891	PUMA///león, puma	1
864	PUMPKIN///zapallo, calabaza, calabazo	1
390	PUNISHMENT///castigo	1
753	PUPIL (STUDENT)///alumno	1
1047	PURSUE///perseguir	1
1808	PUS///pus	1
1452	PUSH///empujar	4
158	PUT ON///vestirse	1
998	PUT///poner	1
1848	QUARREL///lucha, pleito	1
1306	QUEEN///reina	1
1314	QUIET///silencio, tranquilo	1
1136	RABBIT///conejo	2
3096	RACKET///raqueta	1
2585	RACQUET///Raqueta	1
1664	RAFT///balsa	1
829	RAFTER///viga	1
332	RAG///pañuelo, trapo	1
658	RAIN (PRECIPITATION)///lluvia	3
1733	RAINBOW///arco iris	2
1733	RAINBOW///arcoiris	1
2108	RAINING OR RAIN///llover	1
2108	RAINING OR RAIN///lluvia	1
3127	RAKE (SOMETHING)///limpiar	1
338	RAKE///rastro, rastrillo	1
1344	RAM///carnero, morueco	1
953	RAPE///violación	1
1670	RAPIDS///catarata, raudal	1
1490	RAT///rata	1
300	RATTLE///matraca, cascabel	1
300	RATTLE///sonajero, maraca	1
871	RATTLESNAKE///cascabel	1
1959	RAW///crudo	1
151	RAZOR///navaja de afeitar	1
724	READ///leer	2
790	READY///listo	1
156	RED///Rojo	1
156	RED///rojo	4
660	REEF///arrecife	1
49	REFUSE///rehusar	1
1875	REGRET///lamentar, sentir	1
1644	RELATIVES///parientes, parentela	1
661	RELIGION///religión	1
987	REMAIN///quedar	1
838	REMAINS///sobras	1
707	REMEMBER///recordar, acordarse	1
2008	RESCUE///salvar	1
168	REST///descansar	1
421	RETREAT///huir, retirarse	1
2591	RHINOCEROS///Rinoceronte	1
801	RIB///costilla	1
926	RICE///arroz	1
712	RICH///rico	1
367	RIDE///montar	2
280	RIDGEPOLE///cumbrera	1
1019	RIGHT///derecha	1
1019	RIGHT///derecha (mano)	1
1019	RIGHT///derecho	1
2875	RING (MAKE SOUND)///picar el timbre	1
1374	RING///anillo, sortija	1
178	RIPE///maduro	2
568	RISE (MOVE UPWARDS)///ascender	1
666	RIVER///río	2
666	RIVER///río, corriente, arroyo	1
667	ROAD///camino, carretera	1
667	ROAD///carretera	1
1962	ROAST (SOMETHING)///asar	2
2146	ROAST OR FRY///asar, freír	1
827	ROLL///rodar, arrollar, enrollar	1
769	ROOF///techo	2
769	ROOF///tejado	1
1450	ROOM///cuarto, pieza	1
1511	ROOSTER///gallo	1
670	ROOT///raíz	4
1218	ROPE///cuerda	1
1218	ROPE///cuerda, soga	1
1218	ROPE///soga, cuerda	1
1728	ROTTEN///podrido	2
259	ROUGH (OF SEA)///agitado (mar), borrascoso	1
1923	ROUGH///áspero	1
1395	ROUND///redondo	3
1849	ROW///remar	2
1449	RUB///frotar	1
1449	RUB///frotar, enjugar	1
108	RUDDER///remo	1
108	RUDDER///timón	1
292	RUG///tapete, alfombra	1
1846	RULE///gobernar	1
1519	RUN///correr	2
23	RYE///centeno	1
1103	SACRIFICE///ofrenda	1
787	SAIL///navegar	2
786	SAILCLOTH///vela	1
1503	SALIVA///saliva	1
1274	SALT///sal	3
1091	SALTY///salado	1
671	SAND///arena	4
95	SANDFLY///jején	1
345	SAP///savia	2
1700	SATURDAY///sábado	1
271	SAUCER///platillo	1
1874	SAUSAGE///salchicha	1
260	SAVANNA///pajonal, sabana	1
1948	SAW///serrar	1
1948	SAW///serrucho	1
1948	SAW///serrucho, sierra	1
1458	SAY///Decir (hablar)	1
1458	SAY///decir	3
266	SCALE///báscula	1
266	SCALE///escama	1
497	SCAR///cicatriz	1
673	SCHOOL///escuela, colegio	1
299	SCOLD///reprender	1
1538	SCORPION///alacrán	1
1767	SCRAPE///raspar, rallar	1
2608	SCROLL///Papiro	1
914	SCULPTOR///escultor	1
1474	SEA///mar	2
950	SEAGULL///gaviota	1
691	SEASON///estación	1
1384	SECOND///segundo	1
1121	SECRET///secreto	1
1409	SEE///ver	4
714	SEED///semilla	4
1521	SEEM///parecer	1
1571	SELL///vender	1
1127	SEND///enviar, mandar	1
1359	SEPARATE///separar, apartar	1
255	SERVANT///sirviente	1
1704	SEVEN///siete	2
1457	SEW///coser	4
3097	SEWING MACHINE///máquina de coser	1
1388	SHADE///sombra	2
1909	SHAKE///sacudir	1
193	SHALLOW///bajo, poco profundo	1
394	SHAMAN (FOLK HEALER)///curandero	1
1776	SHAME///vergüenza	1
884	SHARE///repartir	1
1110	SHARK///tiburón	1
1396	SHARP///afilado	1
1396	SHARP///afilado, aguzado, filoso	1
251	SHARPEN (SOMETHING)///afilar	1
231	SHAVE///afeitar	1
1834	SHE///ella	1
1532	SHEAR///trasquilar	1
356	SHEARS///tijeras	2
1331	SHEEP///oveja	1
745	SHELF///repisa	1
598	SHELL///valva	1
1064	SHIELD///escudo	1
186	SHIN///espinilla	1
708	SHINE///brillar	1
740	SHIP///buque, barco	1
1622	SHIRT///camisa	2
676	SHIT (DEFECATE)///defecar, excremento (noun)	1
52	SHIVER///temblar	1
1381	SHOE///zapato	2
875	SHOEMAKER///zapatero	1
1172	SHOOT///tirar, disparar	1
113	SHORE///ribera, playa, costa	1
1645	SHORT///corto	2
1482	SHOULDER///hombro	2
172	SHOULDERBLADE///escápula, omóplato	1
715	SHOUT///gritar	1
1901	SHOVEL///pala	1
1039	SHOW///mostrar, señalar	1
3128	SHOWER (ACTION)///ducharse	1
298	SHRIEK///chillar	1
1046	SHUT///cerrar	1
1640	SIBLING///hermano/hermana	1
1847	SICK///enfermo, enfermedad	1
1847	SICK///estar enfermo	1
2132	SICKLE OR SCYTHE///hoz, guadaña	1
682	SIDE///lado, costado	1
86	SIEVE///cribar, colar, cerner	1
1641	SILK///seda	1
759	SILVER///plata	1
1558	SIMILAR///semejante	1
1261	SING///cantar	3
1088	SINK (DESCEND)///hundir	1
2908	SINK (DISAPPEAR IN WATER)///hundir	1
561	SISTER (OF MAN)///hermana (del varón)	1
562	SISTER (OF WOMAN)///hermana (de la mujer)	1
1263	SISTER///hermana	1
1416	SIT///Sentarse	1
1416	SIT///estar sentado	1
1416	SIT///sentado	1
1416	SIT///sentar	1
1416	SIT///sentarse	1
1416	SIT///sentarse, sentado	1
1703	SIX///seis	2
3129	SKATE///patinar	1
2991	SKI///esquiar	1
763	SKIN///piel	3
763	SKIN///piel, cutis, pellejo	1
1600	SKIRT///falda	1
1605	SKULL///cráneo, calavera	1
1732	SKY///cielo	2
812	SLAVE///esclavo	1
1585	SLEEP///Dormir	1
1585	SLEEP///dormir	5
1585	SLEEP///duerme	1
387	SLING///honda	1
1324	SLIP///deslizar	1
1324	SLIP///resbalar	2
1324	SLIP///tobogán	1
701	SLOW///despacio, lentamente	1
1246	SMALL///chico	1
1246	SMALL///chico, pequeño	1
1246	SMALL///pequeño	2
1586	SMELL (PERCEIVE)///oler	1
1586	SMELL (PERCEIVE)///oler, olfatear	1
1587	SMELL (STINK)///oler, olfatear	1
2124	SMELL///oler	1
1451	SMILE///sonreír	1
778	SMOKE (EXHAUST)///humo	4
1689	SMOKE (INHALE)///fumar	2
1234	SMOOTH///liso	1
1234	SMOOTH///suave, liso	1
1543	SNAIL///caracol	2
730	SNAKE///Serpiente	1
730	SNAKE///culebra, serpiente	1
730	SNAKE///serpiente, culebra	1
730	SNAKE///víbora	1
1621	SNEEZE///estornudar	1
375	SNIFF///husmear	1
1983	SNORE///roncar	1
784	SNOW///nieve	2
1255	SNOWING///nevar	1
3098	SNOWMAN///muñeco de nieve	1
788	SOAP///jabón	1
1522	SOCK///calcetín	1
3099	SOFA///sillón	1
1856	SOFT///suave	1
1941	SOLDIER///soldado	1
1241	SOME///un poco, algo, alguno	1
1544	SOMETIMES///a veces	1
2267	SON-IN-LAW (OF MAN)///yerno (de hombre)	1
2266	SON-IN-LAW (OF WOMAN)///yerno (de mujer)	1
1620	SON///hijo	1
703	SOON///pronto	1
1811	SOUND OR NOISE///ruido, sonido	1
1547	SOUP///sopa	1
1906	SOUR///ácido, agrio	1
1595	SOUTH///sur	1
1351	SOW (FEMALE PIG)///puerca, cochina, cerda	1
748	SOW SEEDS///sembrar, desparramar	1
1176	SPADE///laya	1
1623	SPEAK///hablar	2
945	SPEAR///lanza	2
1115	SPEECH///pronunciar un discurso	1
434	SPIDER MONKEY///marimonda, maquisapa	1
1065	SPIDER WEB///telaraña	1
843	SPIDER///araña	2
3130	SPILL (SOMETHING)///tirar	1
121	SPIN///girar	1
121	SPIN///hilar	1
277	SPINDLE///huso	1
805	SPINE///espinazo, espina dorsal	1
53	SPIRIT///alma	1
1440	SPIT///escupir	1
1440	SPIT///escupir (saliva [noun])	1
365	SPLASH///salpicar	1
1744	SPLEEN///bazo	1
1437	SPLIT///hender	1
1437	SPLIT///hender, partir	1
1378	SPOON///cuchara	2
38	SPREAD OUT///extender, esparcir	1
849	SPRING (OF WATER)///fuente, ojo de agua	1
2144	SPRING OR WELL///manantial, pozo	1
1537	SPRINGTIME///primavera	1
850	SQUARE///cuadrado	1
1414	SQUEEZE///apretar, exprimir	1
1414	SQUEEZE///estrujar, exprimir	1
1414	SQUEEZE///exprimir	1
1628	SQUIRREL///ardilla	1
1434	STAB///apuñalar	1
851	STABLE///establo	1
34	STAIRS///escalera	1
936	STALLION///caballo padre, semental	1
1442	STAND///estar en pie	1
1442	STAND///parado	1
1442	STAND///poner(se) de pie	1
1442	STAND///ponerse en pie, de pie	1
1430	STAR///estrella	5
1002	STATUE///estatua	1
713	STEAL///robar	2
1058	STEPDAUGHTER///hijastra	1
237	STEPFATHER///padrastro	1
236	STEPMOTHER///madrastra	1
1059	STEPSON///hijastro	1
1295	STICK///palo	1
2593	STILTS///Zancos	1
571	STING///picar	1
1910	STINGRAY///raya, pastinaca	1
1774	STINGY///avaro, mezquino	1
42	STINKING///hediondo	1
696	STIR///revolver	1
329	STOCKING///media, calcetín	1
819	STOMACH///estómago	2
2125	STONE OR ROCK///piedra, roca	1
857	STONE///piedra	3
2058	STOOL///banco	2
752	STORE///tienda, almacen	1
448	STORM CLOUDS///nubes de tormenta	1
858	STORM///tempestad, tormenta	1
859	STOVE///estufa	1
1404	STRAIGHT///derecho, recto	1
1404	STRAIGHT///recto	1
791	STRANGER///extranjero, forastero	1
3138	STRAWBERRY///fresa	1
214	STRETCH///alargar, estirar, tender	1
2133	STRIKE OR BEAT///golpear	1
2993	STROKE (OF PEN)///acariciar	1
785	STRONG///fuerte, poderoso	1
1929	STUDY///estudiar	1
1518	STUPID///necio, estúpido	1
1866	STUTTER///tartamudear, balbucear	1
1421	SUCK///chupar	2
1421	SUCK///chupar, mamar	1
146	SUGAR CANE///caña brava	1
146	SUGAR CANE///caña de azúcar	1
862	SUGAR///azúcar	1
1342	SUMMER///verano	1
1343	SUN///Sol	1
1343	SUN///sol	5
3131	SUNBATHE///broncearse	1
1699	SUNDAY///domingo	1
3100	SUNGLASSES///gafas de sol	1
3132	SURF///surfear	1
1572	SURPRISED///sorprendido, estupefacto	1
1696	SURRENDER///rendirse	1
1841	SUSPECT///sospechar	1
897	SWALLOW///tragar	1
1145	SWAMP///pantano	2
1939	SWEAR///jurar	1
126	SWEAT (PERSPIRE)///sudar	1
230	SWEEP///barrer	2
159	SWEET POTATO///camote, batata	2
717	SWEET///dulce	2
1573	SWELL///hinchar	1
1903	SWELLING///hinchazón	1
1439	SWIM///Nadar	1
1439	SWIM///nadar	5
2871	SWING (MOVEMENT)///mecer	1
3101	SWING///columpio	1
1535	SWORD///espada	1
1775	TABLE///escritorio	1
1775	TABLE///mesa	1
1220	TAIL///cola	3
1220	TAIL///cola, rabo	1
1220	TAIL///cola/rabo	1
881	TAILOR///sastre	1
1749	TAKE///tomar, coger	1
3133	TALK (PHONE)///hablar por teléfono	1
711	TALL///alto	1
3102	TANK///tanque	1
312	TAPIR///danta	1
21	TASTE (SOMETHING)///gustar, saborear	1
68	TATTOO///tatuaje	1
873	TAX///impuesto, tributo	1
709	TEACH///enseñar	1
1038	TEACHER///profesor, maestro	1
1651	TEAR (OF EYE)///lágrima	1
1735	TEAR (SHRED)///rasgar	1
1735	TEAR (SHRED)///romper, rasgar	1
1379	TELEPHONE///teléfono	1
1788	TELEVISION///tele	1
1711	TELL///narrar, contar	1
911	TEMPLE///iglesia	1
1604	TEMPLES///sien	1
1515	TEN///diez	3
3103	TENNIS BALL///pelota de tenis	1
1316	TENT///toldo	1
883	TERMITE///comején, hormiga blanca	1
797	TESTICLES///testículo	1
78	THAT///aquel	2
279	THATCH///paja (para techumbre)	1
1937	THERE///allí	1
3104	THERMOMETER///termómetro	1
817	THEY///ellos	1
817	THEY///ellos, ellas	1
1244	THICK///grueso	2
1160	THIEF///ladrón	1
800	THIGH///muslo	2
2249	THIN (OF SHAPE OF OBJECT)///delgado	1
2308	THIN///delgado	1
738	THING///cosa	1
1513	THINK (BELIEVE)///creer, suponer	1
1415	THINK (REFLECT)///pensar	1
1415	THINK (REFLECT)///pensar (cogitar)	1
2271	THINK///pensar	1
1859	THIRD///tercero	1
848	THIRST///sed	1
1214	THIS///este	3
1215	THOU///tú	2
1215	THOU///tú, usted	1
1215	THOU///usted	1
1843	THOUSAND///mil	1
1161	THREAD///hilo	1
1192	THREATEN///amenazar	1
417	THREE TIMES///tres veces	1
492	THREE///tres	3
285	THRESH///trillar, desgranar	1
223	THRESHING-FLOOR///era, lugar para trillar	1
1346	THROAT///garganta	1
1456	THROW///botar, tirar	1
1456	THROW///echar, tirar	1
1456	THROW///tirar	1
1781	THUMB///pulgar	1
1150	THUNDER///trueno	2
1693	THURSDAY///jueves	1
891	TIDE///marea	1
1917	TIE///amarrar, atar	1
1917	TIE///atar	2
1917	TIE///corbata	1
846	TIGER///tigre	1
892	TIME///tiempo	1
358	TINPLATE///estaño	1
443	TIP (OF TONGUE)///punta de la lengua	1
1757	TIRED///cansado	1
894	TOAD///sapo	1
974	TOBACCO///tabaco	2
1283	TODAY///hoy	1
1389	TOE///dedo del pie	2
986	TOMATO///tomate	1
1329	TOMORROW///mañana	1
272	TONGS///tenazas	1
1205	TONGUE///Lengua	1
1205	TONGUE///lengua	4
1361	TOOL///herramienta	1
1380	TOOTH///Diente	1
1380	TOOTH///diente	4
2579	TOOTHBRUSH///cepillo de dientes	1
1753	TOP///cima	1
2131	TORCH OR LAMP///lámpara, antorcha	1
895	TORTOISE///tortuga	1
308	TOUCAN///tucán, pinsha	1
1892	TOUCH///tocar	1
1021	TOWEL///toalla	1
1671	TOWER///torre	1
1391	TOWN///ciudad	1
2135	TRADE OR BARTER///trocar	1
1170	TRAP (CATCH)///atrapar	1
1075	TRAP (PITFALL)///trampa	1
241	TREE STUMP///tocón, cepa	1
344	TREE TRUNK///tronco	1
906	TREE///Arbol	1
906	TREE///Árbol	1
906	TREE///árbol	6
205	TROUGH///batea, artesa	1
809	TROUSERS///pantalones	1
809	TROUSERS///pantalones, calzones	1
1657	TRUE///verdadero	1
1812	TRY///tratar, probar	1
1695	TUESDAY///martes	1
1445	TURN (SOMETHING)///dar vuelta, voltear	1
1588	TURN///volcar, dar(se) vuelta	1
112	TURTLE///tortuga	2
112	TURTLE///tortuga, motelo	1
1707	TWELVE///doce	1
1710	TWENTY///veinte	1
1546	TWICE///dos veces	1
1005	TWINS///gemelos	1
430	TWIST///torcer	1
1498	TWO///dos	4
3134	TYPE (ON SOMETHING)///escribir a máquina	1
154	UDDER///ubre	1
1548	UGLY///feo	1
3105	UMBRELLA///paraguas	1
1327	UNCLE///tío	1
1536	UNDERSTAND///entender	1
1958	UNRIPE///inmaduro, no maduro, verde	1
352	UNTIE///desatar	1
1591	UP///arriba	1
1591	UP///arriba, en alto	1
1591	UP///arriba, encima	1
431	UPPER ARM///brazo superior	1
445	UPPER BACK///espalda, parte superior	1
3135	VACUUM (SOMETHING)///aspirar	1
921	VALLEY///valle	1
924	VEGETABLES///legumbres	1
2549	VEHICLE///camión	1
2549	VEHICLE///tractor	1
1151	VEIL///velo	1
783	VICTORY///victoria	1
930	VILLAGE///caserío	1
930	VILLAGE///pueblo	1
343	VINE///enredadera, bejuco, liana	1
1363	VOICE///voz	1
1278	VOMIT///vomitar	2
1185	VULTURE///buitre	1
1837	VULVA///vulva	1
1122	WAGES///salario, sueldo	1
1681	WAIST///cintura	1
1602	WAKE UP///despertar	1
1602	WAKE UP///despertarse	1
1443	WALK///Caminar	1
1443	WALK///andar	2
1443	WALK///caminar	2
1443	WALK///caminar, andar	1
1296	WALKING STICK///bastón, bordón	1
933	WALL (OF HOUSE)///pared, muro	1
1784	WANT///anhelar, desear	1
3106	WARDROBE///armario	1
1232	WARM///tibio, cálido	1
1453	WASH///lavar	3
1517	WASP///avispa	1
3136	WATCH (TV)///ver la tele	1
1650	WATCH///Reloj	1
1650	WATCH///reloj	1
948	WATER///agua	4
943	WATERFALL///cascada	1
943	WATERFALL///caída de agua	1
2766	WATERMELON///sandia	1
978	WAVE///ola	2
978	WAVE///saludar	1
1130	WE (EXCLUSIVE)///nosotros/nosotras (exclusivo)	1
1131	WE (INCLUSIVE)///nosotros (inclusive)	1
1131	WE (INCLUSIVE)///nosotros/nosotras (inclusivo)	1
1212	WE///nosotros	2
1212	WE///nosotros/nosotras	1
1601	WEAK///débil	1
951	WEAPONS///armas	1
952	WEATHER///tiempo	1
133	WEAVE///tejer	1
1259	WEDDING///casamiento, boda	1
1694	WEDNESDAY///miércoles	1
1469	WEEK///semana	1
1098	WEIGH///pesar	2
1817	WEST///oeste, poniente	1
1726	WET///mojado	2
957	WHALE///ballena	1
1236	WHAT///qué	1
1236	WHAT///qué?	2
1236	WHAT///¿qué?	1
1077	WHEAT///trigo	1
710	WHEEL///rueda	1
1238	WHEN///cuando	1
1238	WHEN///¿cuándo?	1
1237	WHERE///donde	1
1237	WHERE///¿dónde?	1
727	WHICH///¿cuál?	1
1982	WHIRLPOOL///remolino	1
55	WHISPER///cuchichear	1
55	WHISPER///murmurar	1
3107	WHISTLE (INSTRUMENT)///silbato	1
1025	WHISTLE///silbar	1
1025	WHISTLE///silbar, chiflar	1
436	WHITE-LIPPED PECCARY///jabalí mayor	1
1335	WHITE///Blanco	1
1335	WHITE///blanco	4
1235	WHO///quién	1
1235	WHO///quién?	2
1235	WHO///¿quién?	1
1270	WHY///¿por qué?	1
1243	WIDE///ancho	1
1243	WIDE///ancho, amplio	1
1756	WIDOW///viuda	1
1981	WIDOWER///viudo	1
1199	WIFE///esposa	2
958	WILD ANIMAL///cebra	1
960	WIND///viento	3
1375	WINDOW///ventana	1
1524	WINE///vino	1
1257	WING///ala	3
1471	WINTER///invierno	1
698	WISE///sabio	1
1340	WITH///con	2
1144	WITNESS///testigo	1
522	WOLF///lobo	1
962	WOMAN///mujer	4
804	WOMB///matriz, vientre	1
1803	WOOD///madera	1
964	WOOL///lana	1
1599	WORD///palabra	1
984	WORK (LABOUR)///trabajar	1
965	WORLD///mundo	1
1219	WORM///Gusano	1
1219	WORM///gusano	2
1219	WORM///lombriz, gusano	1
257	WORSHIP///adorar, culto	1
1109	WOUND///herida, llaga	1
1113	WRAP///enrollar, envolver	1
2589	WREATH///Corona	1
380	WRINKLED///arrugado	1
799	WRIST///muñeca	2
1672	WRITE///escribir	2
1390	WRONG///incorrecto, falso	1
410	YAM///ñame	2
736	YARD///cancha, patio	1
1028	YAWN///bostezar	1
1226	YEAR///año	2
1424	YELLOW///Amarillo	1
1424	YELLOW///amarillo	4
1268	YES///sí, afirmativo	1
1174	YESTERDAY///ayer	1
14	YOKE///yugo	1
1556	YOLK///yema (de huevo)	1
1213	YOU///ustedes	2
564	YOUNG (OF MAN)///joven (varón)	1
563	YOUNG (OF WOMAN)///joven (mujer)	1
76	YOUNG MAN///el joven	1
77	YOUNG WOMAN///la joven	1
1207	YOUNG///tierno, joven	1
1760	YOUNGER BROTHER///hermano menor	1
1761	YOUNGER SISTER///hermana menor	1
1294	ZERO///cero, nada	1
